-- phpMyAdmin SQL Dump
-- version 5.1.1deb5ubuntu1
-- https://www.phpmyadmin.net/
--
-- Host: localhost:3306
-- Creato il: Giu 26, 2023 alle 16:09
-- Versione del server: 10.6.12-MariaDB-0ubuntu0.22.04.1
-- Versione PHP: 8.1.2-1ubuntu2.11

SET SQL_MODE = "NO_AUTO_VALUE_ON_ZERO";
START TRANSACTION;
SET time_zone = "+00:00";


/*!40101 SET @OLD_CHARACTER_SET_CLIENT=@@CHARACTER_SET_CLIENT */;
/*!40101 SET @OLD_CHARACTER_SET_RESULTS=@@CHARACTER_SET_RESULTS */;
/*!40101 SET @OLD_COLLATION_CONNECTION=@@COLLATION_CONNECTION */;
/*!40101 SET NAMES utf8mb4 */;

--
-- Database: `phplaravel`
--

-- --------------------------------------------------------

--
-- Struttura della tabella `failed_jobs`
--

CREATE TABLE `failed_jobs` (
  `id` bigint(20) UNSIGNED NOT NULL,
  `uuid` varchar(255) NOT NULL,
  `connection` text NOT NULL,
  `queue` text NOT NULL,
  `payload` longtext NOT NULL,
  `exception` longtext NOT NULL,
  `failed_at` timestamp NOT NULL DEFAULT current_timestamp()
) ENGINE=InnoDB DEFAULT CHARSET=utf8mb4 COLLATE=utf8mb4_unicode_ci;

-- --------------------------------------------------------

--
-- Struttura della tabella `levels`
--

CREATE TABLE `levels` (
  `id` bigint(20) UNSIGNED NOT NULL,
  `title` varchar(255) DEFAULT NULL,
  `modules` text DEFAULT NULL,
  `created_at` timestamp NULL DEFAULT NULL,
  `updated_at` timestamp NULL DEFAULT NULL,
  `active` int(11) NOT NULL DEFAULT 0
) ENGINE=InnoDB DEFAULT CHARSET=utf8mb4 COLLATE=utf8mb4_unicode_ci;

--
-- Dump dei dati per la tabella `levels`
--

INSERT INTO `levels` (`id`, `title`, `modules`, `created_at`, `updated_at`, `active`) VALUES
(1, 'Amministratore', NULL, '2023-06-22 06:47:02', '2023-06-23 13:06:33', 1),
(2, 'Utente', NULL, '2023-06-22 06:47:16', '2023-06-23 13:06:44', 1),
(3, 'Progetto', NULL, '2023-06-23 13:06:54', '2023-06-23 13:07:27', 1),
(4, 'Prova', NULL, '2023-06-26 11:44:08', '2023-06-26 11:44:08', 1);

-- --------------------------------------------------------

--
-- Struttura della tabella `migrations`
--

CREATE TABLE `migrations` (
  `id` int(10) UNSIGNED NOT NULL,
  `migration` varchar(255) NOT NULL,
  `batch` int(11) NOT NULL
) ENGINE=InnoDB DEFAULT CHARSET=utf8mb4 COLLATE=utf8mb4_unicode_ci;

--
-- Dump dei dati per la tabella `migrations`
--

INSERT INTO `migrations` (`id`, `migration`, `batch`) VALUES
(1, '2014_10_12_000000_create_users_table', 1),
(2, '2014_10_12_100000_create_password_reset_tokens_table', 1),
(3, '2014_10_12_100000_create_password_resets_table', 1),
(4, '2019_08_19_000000_create_failed_jobs_table', 1),
(5, '2019_12_14_000001_create_personal_access_tokens_table', 1),
(6, '2023_06_16_120357_update_users_table', 1),
(7, '2023_06_19_082146_create_modules_table', 1),
(8, '2023_06_20_075310_create_projects_table', 1),
(9, '2023_06_22_081840_create_levels_table', 2),
(10, '2023_06_22_084530_add_fields_levels_table', 3),
(11, '2023_06_22_144640_create_modules_levels_access', 4),
(12, '2023_06_23_073054_addfield_users_access', 5);

-- --------------------------------------------------------

--
-- Struttura della tabella `modules`
--

CREATE TABLE `modules` (
  `id` bigint(20) UNSIGNED NOT NULL,
  `name` varchar(255) DEFAULT NULL,
  `label` varchar(255) DEFAULT NULL,
  `alias` varchar(255) DEFAULT NULL,
  `content` text DEFAULT NULL,
  `code_menu` text DEFAULT NULL,
  `ordering` mediumint(9) NOT NULL DEFAULT 0,
  `active` int(11) NOT NULL DEFAULT 0,
  `created_at` timestamp NULL DEFAULT NULL,
  `updated_at` timestamp NULL DEFAULT NULL
) ENGINE=InnoDB DEFAULT CHARSET=utf8mb4 COLLATE=utf8mb4_unicode_ci;

--
-- Dump dei dati per la tabella `modules`
--

INSERT INTO `modules` (`id`, `name`, `label`, `alias`, `content`, `code_menu`, `ordering`, `active`, `created_at`, `updated_at`) VALUES
(1, 'modules', 'Moduli', 'modules', 'Il Modulo che gestisce i moduli', '{\"name\":\"%NAME%\",\"icon\":\"<i class=\\\"menu-icon tf-icons bx bx-cog\\\"><\\/i>\",\"label\":\"%LABEL%\"}', 4, 1, '2023-06-19 06:25:09', '2023-06-20 05:43:14'),
(2, 'projects', 'Progetti', 'projects', 'Il modulo che gestisce i progetti', '{\"name\":\"%NAME%\",\"icon\":\"<i class=\\\"menu-icon tf-icons bx bx-pyramid\\\"><\\/i>\",\"label\":\"%LABEL%\"}', 3, 1, '2023-06-19 06:25:49', '2023-06-22 05:48:51'),
(3, 'users', 'Utenti', 'users', 'Il modulo che gestisce gli utenti', '{\"name\":\"%NAME%\",\"icon\":\"<i class=\\\"menu-icon tf-icons bx bx-user\\\"><\\/i>\",\"label\":\"%LABEL%\"}', 1, 1, '2023-06-21 05:52:08', '2023-06-21 05:54:15'),
(4, 'levels', 'Livelli', 'levels', 'Il modulo che gestisce i livelli', '{\"name\":\"%NAME%\",\"icon\":\"<i class=\\\"menu-icon tf-icons bx bxs-user-detail\\\"><\\/i>\",\"label\":\"%LABEL%\"}', 2, 1, '2023-06-22 05:48:33', '2023-06-22 05:48:33');

-- --------------------------------------------------------

--
-- Struttura della tabella `modules_levels_access`
--

CREATE TABLE `modules_levels_access` (
  `id` bigint(20) UNSIGNED NOT NULL,
  `modules_id` mediumint(9) NOT NULL DEFAULT 0,
  `levels_id` mediumint(9) NOT NULL DEFAULT 0,
  `users_id` mediumint(9) NOT NULL DEFAULT 0,
  `read_access` int(11) NOT NULL DEFAULT 0,
  `write_access` int(11) NOT NULL DEFAULT 0
) ENGINE=InnoDB DEFAULT CHARSET=utf8mb4 COLLATE=utf8mb4_unicode_ci;

--
-- Dump dei dati per la tabella `modules_levels_access`
--

INSERT INTO `modules_levels_access` (`id`, `modules_id`, `levels_id`, `users_id`, `read_access`, `write_access`) VALUES
(33, 3, 2, 0, 0, 0),
(34, 4, 2, 0, 0, 0),
(35, 2, 2, 0, 1, 1),
(36, 1, 2, 0, 0, 0),
(37, 3, 1, 0, 1, 1),
(38, 4, 1, 0, 1, 1),
(39, 2, 1, 0, 1, 1),
(40, 1, 1, 0, 1, 1);

-- --------------------------------------------------------

--
-- Struttura della tabella `password_resets`
--

CREATE TABLE `password_resets` (
  `email` varchar(255) NOT NULL,
  `token` varchar(255) NOT NULL,
  `created_at` timestamp NULL DEFAULT NULL
) ENGINE=InnoDB DEFAULT CHARSET=utf8mb4 COLLATE=utf8mb4_unicode_ci;

-- --------------------------------------------------------

--
-- Struttura della tabella `password_reset_tokens`
--

CREATE TABLE `password_reset_tokens` (
  `email` varchar(255) NOT NULL,
  `token` varchar(255) NOT NULL,
  `created_at` timestamp NULL DEFAULT NULL
) ENGINE=InnoDB DEFAULT CHARSET=utf8mb4 COLLATE=utf8mb4_unicode_ci;

-- --------------------------------------------------------

--
-- Struttura della tabella `personal_access_tokens`
--

CREATE TABLE `personal_access_tokens` (
  `id` bigint(20) UNSIGNED NOT NULL,
  `tokenable_type` varchar(255) NOT NULL,
  `tokenable_id` bigint(20) UNSIGNED NOT NULL,
  `name` varchar(255) NOT NULL,
  `token` varchar(64) NOT NULL,
  `abilities` text DEFAULT NULL,
  `last_used_at` timestamp NULL DEFAULT NULL,
  `expires_at` timestamp NULL DEFAULT NULL,
  `created_at` timestamp NULL DEFAULT NULL,
  `updated_at` timestamp NULL DEFAULT NULL
) ENGINE=InnoDB DEFAULT CHARSET=utf8mb4 COLLATE=utf8mb4_unicode_ci;

-- --------------------------------------------------------

--
-- Struttura della tabella `projects`
--

CREATE TABLE `projects` (
  `id` bigint(20) UNSIGNED NOT NULL,
  `title` varchar(255) DEFAULT NULL,
  `content` text DEFAULT NULL,
  `status` mediumint(9) NOT NULL DEFAULT 0,
  `completato` mediumint(9) NOT NULL DEFAULT 0,
  `costo_orario` double(8,2) DEFAULT NULL,
  `ordering` mediumint(9) NOT NULL DEFAULT 0,
  `active` int(11) NOT NULL DEFAULT 0,
  `created_at` timestamp NULL DEFAULT NULL,
  `updated_at` timestamp NULL DEFAULT NULL
) ENGINE=InnoDB DEFAULT CHARSET=utf8mb4 COLLATE=utf8mb4_unicode_ci;

--
-- Dump dei dati per la tabella `projects`
--

INSERT INTO `projects` (`id`, `title`, `content`, `status`, `completato`, `costo_orario`, `ordering`, `active`, `created_at`, `updated_at`) VALUES
(1, 'Progetto 1', 'aaa', 1, 1, NULL, 2, 1, '2023-06-20 11:06:21', '2023-06-20 12:16:21'),
(2, 'Progetto 2', 'wwewe', 2, 10, NULL, 3, 1, '2023-06-20 11:06:48', '2023-06-20 11:06:48'),
(3, 'sdsd', 'dsdsd', 1, 1, NULL, 1, 1, '2023-06-20 12:14:00', '2023-06-20 12:14:00'),
(5, 'qwqw', 'qwqw', 1, 45, NULL, 4, 1, '2023-06-20 12:23:37', '2023-06-20 12:29:11');

-- --------------------------------------------------------

--
-- Struttura della tabella `users`
--

CREATE TABLE `users` (
  `id` bigint(20) UNSIGNED NOT NULL,
  `name` varchar(255) NOT NULL,
  `email` varchar(255) NOT NULL,
  `email_verified_at` timestamp NULL DEFAULT NULL,
  `password` varchar(255) NOT NULL,
  `remember_token` varchar(100) DEFAULT NULL,
  `created_at` timestamp NULL DEFAULT NULL,
  `updated_at` timestamp NULL DEFAULT NULL,
  `surname` varchar(255) DEFAULT NULL,
  `avatar` blob DEFAULT NULL,
  `avatar_info` varchar(255) DEFAULT NULL,
  `levels_id` int(11) NOT NULL DEFAULT 0,
  `is_root` int(11) NOT NULL DEFAULT 0
) ENGINE=InnoDB DEFAULT CHARSET=utf8mb4 COLLATE=utf8mb4_unicode_ci;

--
-- Dump dei dati per la tabella `users`
--

INSERT INTO `users` (`id`, `name`, `email`, `email_verified_at`, `password`, `remember_token`, `created_at`, `updated_at`, `surname`, `avatar`, `avatar_info`, `levels_id`, `is_root`) VALUES
(1, 'Roberto', 'me@robertomantovani.vr.it', NULL, '$2y$10$8WYdy/aWmIiPv/tCq4ca4eEki0yefHoYuVjaBGoQPIgknaojecJuS', 'FY1V4moXhqTkkBYlE6pLlYftBLNDH5Hde7VYoGz3SHvV4xEIwP3xTRX6n214', '2023-06-20 13:16:18', '2023-06-21 11:02:04', 'Mantovani', 0x2f396a2f34414151536b5a4a5267414241514141415141424141442f32774244414155444241514541775545424151464251554742777749427763484277384c43776b4d455138534568455045524554466877584578516146524552474345594768306448783866457863694a4349654a4277654878372f327742444151554642516347427734494341346546424555486834654868346548683465486834654868346548683465486834654868346548683465486834654868346548683465486834654868346548683465486834654868372f776741524341466f415767444153494141684542417845422f3851414841414141515542415145414141414141414141414141414177414241675146426763492f385141476745414177454241514541414141414141414141414141415149444141514642762f61414177444151414345414d5141414142396a6c567343636b6d4c6a4263714a495a42585a707933515637544b6e72444c6d7a63382b484e77426351617531754365684b617a315333705a626c4c567649734e57374b695531736f5a4359684b50524f6b6a5a686c59446d76482f582f49504f3638794534626f646e5a684a6951424c4a6967455470573930746e48365869547161474f5876635a76555250554a6f5a697247624d56656d7262766d584c47484d6b7a647246302b687334335352625035664c354d32364c6d41317a3154684349704a44694e63334f5569553952374435386b3876714f667a783645343946616e636263783546363535483576586d514c44585179676357527967445973316a4b4a4b437a6652797048394879444b7563746e78706933487630324f746146717777577549646a4c6a5a2b786d496e57594732453035504a304d6b39585056645161646d6647344b5854566a5a6972316f584234303458494661497234476a556367717775397a35736a5032337a6e43332b57755a417355366f677456794a784b49367957426c77556c6a3947354f77336f2b5057734f3559654830466653786274696d73515838497949613548524c38706d646667785330724e4471364d576e587270333168576978364d2b726170543649736b7270545141595752455661397175384b386244556a556861693656706c6a6871516f36584e654e6133586e6151624154725a526b5556304e4e76704d4a632f76386a5253793864564d3755424f704e494370624d39733677385642634863356d6337484a6450352f6674306334704a3952633075624f30687a55376854785571554a6249633446526774786156527a686551423252764d5554524b7773696e68627132365848326e41634a4e7963594b6f466e4b387670587a7a314c6e362b546937754e566e48766f674a3039664639547865384f665a4e6e4654616e4e747a2b70626574704844346a704f4f336f335a506e79745a7a6835624a63725a446c62796c6344566264657347336e7a7230626b6a4a6853734b7a5470797a6770504d4c455a6c67596273685147447a644a363969756c4c304851474572797648366253585a79495255426d4232616163334e6a314d344a3031653555616d4a6c365752464735726534753138384c6d6c33616b4e444b6c305661656745674f6e524538646c734159626f4234743558557a6b56314a4a4c436f614e4a34776b46556770683138316156675332726874307845396331656462383454584152466839474a44394c7a4a756b536b6c6a574e4e42466d6164514a53356e73794a4c694f543945386f33526c3765547044745755306566746b47776868514b5234715244345579576f547458493743716c46594f456f7a4f6b433743334c6f30726f4a64562b6e6f55785557646f56544b4e6334566c6f79676c7953513330566e364c656e35555a3552316e64635a48736b674448544f53686b51334a5a335863714a3831794f6e6e632f7341536164724e6a4e4f754c4569446f34574f74494a4149774a45364453686c5179414d346a6e463432617475433174547a724b33485575357253494134466c6f756e544d6b74766f744a656e3579723247434a3263736b6c696b6c736d664c57656469366e4b6d764b5958517444753567746f594e734e59383732724e657972756a7878417847475a325756516b4c4c454d68504754786435325842436479534f41584a6d336168356b453456476b30485453544c48364d55412b7035566d4532566b394f356c5a30504d524b6d42636f587834636e353932766e71646444524c585638367071424b5553744b647242364a5666596c55754a51416241413859714a444449484a45636f744a4a3036324c566131487359466a4c4f7057634f485a354855314b5772477045376376556b36322b6765626c6c2f532f4f39546c354e4e7074753546544c33647269726e6b395855636e4b504533565a65473154447a2f7638416a71656e306d4670356a706d35313055756d7169796e537356775a4e48557739785847417756634d4343594d4f5138735970504a51654253786477304b36574d51464930344974756139735a326c476b784872386659524a626446683950682b353431456b57526f46735753745473756236586a4f6a5a7239444a633753316f4e7545345830767a513939334c37484b6f76497736584a576c41394f33486f734543534e78364651325577334364416378737269614c4a4744786162696354493077324361774441616465304b32387441306f7871617461703876565954494871637a537a66663861706448706b42733057493262317a48382b7535756346315374524c67596f76364c78395463436f484a3567364e53766e335267796970316d316347476c5a784c59326947455130686f4c4b6f49627a6b3855517770425a5873676d7268716b48534c36564853615a795a57704e7a30644450342b30365378364744522b6d3846756b7a2b686a5447445573634858315048612b6572633531484f37634f695644583533624b304d3830656739617858567355373065726a3069556967324a334a787656486e3336536753496968526945796b6845724c4a3475434d4268734444656f4442344770477731595a424431484736774f4270537063525647756870575a2b72356d37617363764471705a4344357670326f56354b61393276494e616f45466a584c4d674d61393841324c6764446b396e4859366650312b6673486d3263436b513361684f6a6a7443476758534d5130336b4768456f64676a634c49684a6e6d6b7a4550466c744e4d2b784a69494e5a51304e3257746d396152723842316646632f554e6d6a7a6461654b42644d357a785577796149747067597a436c533077736d6f6149343270387a7559486277324a516e574535776b436163444b3661635152674c585a413132564a504652496c464e744a4a396e5558326d384842496f4c62306671754e37514c51355063352f6d37575a6e6a304b4b594754776c73365a6759436e46684d67796a437257716a445272716d6461775055655537664e356b374556314a35426f7a6936764b4d3434416f576156597869795a47544c61536157795453325470746e545332534974753437666875344735544d75304f50766934707052526c46544e6c454e4e6f736446516b51535547476c557356336d50306e7976305070343862643433704c523430665338334f79545356795445345a4d2b57386f416d476b6b6b6a6b3750733661517a536a4c614d6e625a3143577a706c7433585a385831493350314e61687839314a6a436e564d6b72504351735a446c4168706a6d524d6342737336554233353558386d37666d32735071654d4b2b716346326d4b6c4f626c4e353267316a486563716a44704e5253495473746c4a6e3254715179654c62536937374d524e744a4d676530332b667659626d4632484e3833566c31644450352b71435a426e684b414c4d3047444e4776534d366f35583531496c4a304c74576553704c546a7231634364393472374b72635461307842384c6e74484d704b4933574c4f6c736b70624f365179544c5a4a35624f79577a757978645157336174467750537562367a6e7055357168657a2b5030494b4c426e696d32694f516e554e4d396670354357424a35773373335a656542476a3035464f574675596333755a4e5048325869627646594541376b737a725a6e6d2b7a4f78686f5254624e4a7937516562624d4e4e73374a39704a6b443242307350564f50536c586e614b584636413470597379523041704d6c434b5858785353564a39587a4b52553855747376585332486c4a456275416c74424a597661534744424c61335853326a4e4c616330746f695332643073585a4c5a4a4c622f2f45414334514141494341514d444241454541674d42415141414141454341414d454542455342534578457941695154494746434d774a4549564d7a516c512f2f61414167424151414242514a52734e5872566f4b2b414b6d656d76477a46394f2b746d5963565549424c637175756638414a556d645674466c6e543864386c722b6a3267645077685855716851625479532f65776e73692f4b6665724859492b3531656671482f77354835576564553847562b542b51695079674f6d2b6c39796f754d7873686a6e355662625a52625a4c6745796d446d6a4371464f55767a364a625a526c626a59754a6b5a4b55706a63727739484766755541727a4d637a3935697a39356a62692b6b774f703062764f4f7a616d66714c2f414d57522b566e6e577677307138376434713256774a7346336a4f505574745261756e4f6232703953736d2f35763556776a5a46366c61304a4431664f78396c73705430385a6c467a324e7777666b4f72566f63656a715177364d37725752624c4d75356962374a367a7a316e6e37697753725079617a522b6f4d2b7471503152794f48316a4479497242686f5a2b6f2f7744785a4835502b57684d7238503570386e7a482f477348544d786d64374b4f644f426a656b414e68597638724c7644554f506f446e74776a46465532386d4e4c326f754f614d686d3952796173584836703146736979317479644e752b30347a6a4f4d323042496d4231624c78477750314e57387873724879515a2b70502f48662b622f6c6f336c50786156512b374a66615573424f5132744f347253786d644e6c78313247556432794f79305662325571465871334b5954384c75715a6475513975346e457a68436f6e47635a78685763595243734930336c4f545a55335476314a645765715a74476467336a3532666c6f305438544b59326a5773443669786241784d7a47334f4f304c4177566645454a442f494c724455616b375a6645785069314a2b4f52747779506b3770386d546c59774735304f6d30326d3049684559516962613439396c4c2b736d53722f6e6f5976346e7a52483032456176652b7176695738414461376a3631502f62626b6251326c7a7a43566e3532334d3370486b41574a735449344a6d574e36624e744c6950546541546847397530496a5274434a74434a74464a526733724c6f595078506e486a3639765a625548435934555a6c595651727865545374314d4b7278644273614f64786f57755a507955735776794e2b53446e41766135397a376a4745493059516a54616253736c473836474438543578356434454562637342743744594f64694b363355714571516b32597732346c56486a4d74576d3331656550666c477471396858615335554261377265554d496d33744a6845496d303237657a61556e7559786e2b7038343874305757572f356b646a5a6b447349374b6b6f7444776a656253356d4171666d70634358717439742b79315a51355835646e452f694d742b792b4e34534a79454c69626a556a52684e75783062516a654b4e504b745039543578356b6e5a5259655756633146643139375a4e656459526958496f52677932754b3046687a4d6741564b4c65315437365a6d5236566879583434484c6c6132387550382b534e374866617a4a587557346872414931304e706e376a614c6b435657715a32314d4d496e3174703977654b2f786166362f64506a4937716f2b5a47387a734d57502f774165776c6c56694e537970546541395054443664396c323756386d58303562625a544c437a756937776361736631514a64622f4b7a627064336e376e6462374f374d5969324e4b38596d444755537967516f79796d7a65413647507276326737367244442b4a3831666a5a334848353676576a7933475869764e70626a436c675a6a45477536774b2b55647a393250776e55756f67467374326d2f49314f52565957457356586a70456f42694967485951364d6f4d65706436314967304d73695177396f683367715977316b51396d4d50672b6176786e33375256786d587674565339746c4b63467a45575a4150416468597258444c777635446a63597152452f6255765953535a393869463953735238744a2b354a6776654a637841494d41314d74674d4a69386d5a417142755a674a575769474e342b3676786e3337724b6c654b6f58544d336848385674544b61746c727a475547323437394772426d625957626547486545376861367a4252585054714534696265356847473072424c566f45466a2f414d6f376f664b2b48374d5a39302f6964655135652b304e4672373231725975646a6f6c6433376d784d62705457506b5a41436e766f4a746f494149427074375444473856646d336c4e54505971375339646f76355a486131744b2f77304d6f72507262392f364835544a73732f642b68786e567256574d4e3576744e346a434652434e415970333150744f672f496e614a5a5972382b322f4b74664f5133383761562f68374772737375504a596732476e7a3954325a7642564c6b444a62643249686e47624552484f7532676162366e5177777a3754754349643968386171684837324e424b2f78397272422f526e576337627742586c4b6556317641693230784d6a356267686679557743626162653436665938312b664c57664976502f414d2f396e6769666a375434486a33587552592f59395174326e71694e6a563231465755457773307157465a583432684862324747474454374a3253727552385a74756247325859386e6767384432734e775066585876666c4859357a6b756535792f3473504863324b77326d78674a455668454f784768452b7a446f5964566954594345615a467638715a7468497557364d76466c38666359685174794d326c4f52565964486269734e366936626a6c3146706b487630796e6e6231666d31754453334f394e6e4f383267453769554e336a51366652302b70395376775042385a466e4662544b44383137746433432b50755a4a486f38754c55355536683143566f79574c31477a6a526c7278754b32566a49526137725331324c6b6f394e6d55477a4f706e34573773324a576c4f4c666b6f62727332477777574e4f593339525970336937682f6f7777362f52386e56624f4c63684c72514a6164355a4b524b664e6f3743666375796477623168795632566c353232727458597649334c46796d41596c3445683751646a314d66484655484d66624c462f374f686e76454a597857305a515961524b6d372f366d4748513647655959664e33654174735930736939686a4c38376a756672376c6c746d3131397750376932484b7367794c6a505773456f74744e31486a6674536a32515962386e786b577671432f4669617a304a58337a7478595432617a654c42414e48473871626457302b7a4444447039526f507859786f42387168794f4e2f31332f396e313978777531716a6c5967675463556f49617435545678657277676d474a74483864515864383466795531656a6857345457505a525257325169416b643639415a7642474d333747474d5954334a304f6e6b7432426a51536b664f7262612f2f752b76396f322b7a78753871722b5045426169494143553255724d573368586b64537a785a5831652f617a354a2b332f6d5850784332626d562b6d74764a332f4c7a424e3579374b5968314f6838372b77797638326a516e7674754b682f47506a4832492b76396f7a39724a576d38577659574d524b6a337836425869335056584d624f546d31792f7437334f2b52593233544f7048486d5a65746935486d7a6b4a5334354d30354362786e684c6d426e575632627a6c326a516e326b787a4b2b77336a6e76356c592f6a333257797a64635674315962442f595275356464702b4d773866314b4c54694b33704b375a3737533775483748706a2f41507a6246334f565878724d7862696137504c435766437750423368506237444c4f78685147416d627a6c334a686166634d506a795a613345413778522f4a754a665a4e2b395438536c7158713250637332326e4b57324e5933543859354f526e4e4c63647030354c5576767439513238555157446e6a3246356179317a4b75617a524f78627644326d615068575a79326c5973744b554b41344151747879415978336830336767316143623742695450426d2f596e764246596731356c71524d75743555476c6c61716e525532707452456d626b6c6d3961794330797869384b3936574b526d3553796359424f4d73486133355637736878554e7071554357743276736e354d725465627a65415144324762777476447549336345776e74504f6733674f38424d5530626567724445583063507131354e684f686d38627a6f2f6e614343582f69307946336d4a587854774c764751354a2b67653267455561665830306162773969664767382b78594f303337344c574e666e57656d6d53334a3944426f506279326833616264797539395337417a494d6337754e42374233303337744359653050636636364858764f38333056414a30476f4c4f724e38724f35304f6839684d5977647a4349672f6d33374f5a6b7450735461436434734167454d61574859474e342b7636766756364f436d48314a7434304a304f6f3861453644526f4f7a2f414659306f7876577273724b57436251436261417a7644472b4d734f35506a362b6f49506639622f4141772f68306e4e4f344f676839783047686a655861414e6462576c54592f5663625a67494949644235326e69586b47627a362b7636514a326e2b6c7677366265784a50395930615753357068394c726f364c685a417863374b71466c567163476e6962396c47686d2b7973595a3966306251476236665761663841437350646f595048744a30476d384a6a48356238724b4f6f3546303635576566534d7239316939566f32626162516470766f5273746e636d482b6e7450765462526a366e5472462b5848654e74376a376434544c4869454b577449537832794f6c394a79663275646d3143797535654a30455a676b65336e44442f5a33674533686e5432353950755875524748735075336a4e486541546635343144583259396c4c544951567630532f384164644f366c527873323041375774794c65642f364470763752444f6a4e2f6b5a646530667934686d2b6d384f68304a68614f385553773856784b3273757a4c466f713651352f3544715150712f706e4b39487148557167316469374772474a585064564832782f7348742b38422b47643146646d345330643248734f684d4a6a4e4330565a3468337373347268593937383236576934324e3155623264773354636f6451366436482b546d73624461414937622b3065344466332f536e355a6f336a5337796464395359786a47494e4c576e547355564c31432f6b2f5338623137756f354961363365326977624e2b6e387a39726e5a33776d586c4b6f73637366634e4e744143595a74506f2b643950746a5041493534325341737638747076707644705a466768627467552b726231477a69696f6258622f46786247334f4c752b4a634a393335566e37496e63362f5957487a354a324130556162526a6f6659504e434e62646142586a356253794832485179307754654944593947314657632f7936556d78794c4e34763564504c444a7a612b42786c353335337770304d4865634f454d2b2b48425737364b4e7a793059777a755a784d347a7442502f4541435952414149434151514242414d4241514141414141414141414241684544454249684d55454545794177496a4a525955442f3267414941514d4241543842684f4c58476d5252713251696d74784337504a557065525062456530797a3655534f535558556a465352614c4a6274326a5267363138612b33546f6e46305435374a5263554b564d336b7055506c47434638736a68755669784a48746e736a7749654375696d75394d48576a4831717373574b5366524c4a794f35394778562f6f7556744a4f6958355256474f46497877464247314644524b497878544d5574764430592b74636d4a534978536a534d754a795842736e4349704e636d4a4e706c6d474a47504970555257724a44306f777a38444831724e2f69546e7458476b5a3236593861624b696e534d6c6348703466306971354d63504c3076526b6f6a3158447362476544656a4c46726b58646d363469464b5359337546465759463252566e7531776536324c654b556c32526c5a566d5256717a4737695350416f61556a4a693534467779536577697a484578706f687a79546966714c4d6854544645526c525a6a78626834594d684678744d6c6f68757456424a325a7631493435646d46306947374a774a5571484779574d574d574d326a4a3947323266344a475644316c43326d6536313446304e316f315a6a67346d464b4d537461307653544632502b6b544e3448384a527443316e50616a4774773234716d4a3135465063585259336f32545a35453331704f567a5939584e4c686a4979556c7764446b6b53536457656c584a6d6e756c52424d566f33455757574d656d506f797a324b7954743259704f36316b2f63646a795a4b326b4e79464f5456467679546646474637594e6b4b52444a2f433977344d673731593949353976426c794f656d4c396836526f32525a746955695848424c467879656e70786f33666c5a486b694b512f36574e6a597978636b744d5037443073637979454e784f4458596f622b434d4a5933744868586149737333696d62687947394752364a5054473659396363647a4a34594f5042695647614c614d5547795562504250385a432f4a306a326470616b64446c384a537066425a47685a6b4f4a68783775434d4970554b4b512b526361356f337959594b4554504f684d622b446444667a394d7650797371797a31443531576a663034467838325a5a3755586245554c53542b6a7951362b636d5a3537744549736c4c7839554f666b354570324d5245534a532b76444c675174474f5135574e317169632f4832596d5231624a733647372b48663259657861794a646a2f34502f3851414b684541416749424241494241774d4641414141414141414141454345524144456941684d55457742424d694d31466846444a41516e482f3267414941514942415438425748586b676b2b794d53687073384970496c50756b526465524e5557754f742b6f4c4873393438595374396a67526464596c30536a614b374e76643473334974436c5170343176314243463548357865477a7469574a756879335249787279536b587754455561756d37335952374835785758306853364979736c4b6a5469764a4b52544877517336734b375245586b39346b79557475464b2b6a623266696e527174555365324b4737364a79396355785a61745552516a2f59324772466b664a665253534c6b6d536c5a474b4e566a364e6c396e32305061556d4e59692b4531556949764a4b654b48484438596a306954524c726f697a7966624847693851784b5647365250746b543258776f5a74732f6770523748327978536f6368764b4c36457850764350654b4e334745614e52747644584a596a2b7731686348776c4c616936517578722b427168635669734e45633757382b4275686f3157516a53736278512b43784967724e716f3149307336576e73564d2f706f4e3261756a43585239544236534e376b5464716a55376c5179534830626b53517372477979456178712f3269784f2f774278536b666c35732b6f37365a536a305330756966706c6455506f6b4e466c596f57566a573845636252615a736f2b6f68756c5a7070534a64454f34663846712b686c47306352496f72434835466a55566f6a686d7450617152703630347a374e53566d6c4b6d616b6b6853724565346a365075575652354b344a634a6151394a6b64613352723674646a6e4a7578747358575561544e5357356d6c477869584375614e64383772476975754b2b42477235356f6843797158464c3450544a63346b467457486d4d66683945755352474f5a5969766952717273664249556146336d52435076354e5749386f677356775858796133424566417638442f2f78414130454141424177454642774d444241454641414141414141424141495249514d51456a4642457941694d45425259544a786751516a6b544e435972465346484a7a6f64482f3267414941514541426a3843334b68514d7271685937504c796f756c567a52414b42374b47666c545a764469707461762f705145524377335352586d664b48507a553658516864434b44694b6d704b63426c4b32654751363641566963705749484a5649553752712f585a2b564733732f7741716c713338716a68664933523738754f367a4d71717a393058453068504e54446b594843734a55715641557153466855774a55737a56564b4d7243654a7949615961704e6f56366976555636697657564c62563335516d3078653647327334396c533041506c53307a75442f6479364b584737614d4e6637554f374b47366d62735369366c3159754d4c697954624d6171584747684748513373732b583975314d64696733366d7a67393271624731613635767630564c354b7771717a7544686f7474612b6c717238425a71764e425934672b45472f5566646233315150303773556163764a5a7142645374304b74314668574e2b6169374e48466b73497952666f704f5851596d4f67715977326d6f3564464e35674b6579674b4c67346f687056626f5143717136716c31656649574c39777a35336c5a6f76574a535643795753687446694f696b4c414655305868596a6b715a6336446449574961386d4e304e554f4568634b4149584451724f627068597536695536302f77416c437252654f6977386c6c6c3472646759637337366f333849556d697a526e525957364341734b466b334a71386f4e365032553735634746337374754442554f4b6b6e4e5345587579434a44694779715856754c5772796e326a75794b4a574c75683275717331366c6d736c575645386d6d34523235414c5243795161636b327449546d6e496850374251764678456f6b335271616f796331386f4558466a76554c3642635371714b6938387a343558453046556d4673356f7062716970436854644b69635279396c55724e44565661563557616d4a3371447143564b796f6f51647266737759523479733770662b6f662b74326252382b467732612f5358433179346d386e434c707943715a4344687a61716c774e784a61514539794f7037426142502b727443484e5a5276767577566b4c74466b7375566830764955622b486b5a4b53734c68524f77556b497373624d69764537756a6157354c624e755a376f57566b4d44473541622b584e4c7446436c66484964614535387268544c4e774971746b496c7a705778732f53464e39564936442b4a76436a6b544a41433771742f38414864446f42666f72573031445658706350345656373354305241306f6e4d376846656d56526f57473059526648506f6f434152364c43314f6355524b69304568473161514636614b6f5641716e6e6c514c70514863724c6b787948764b63696f566e5a36356c477a50763056565338526f71754a30437776626e2b344b4e79536f427649446849764c72746e644363555674485a43374657697064573777734a35394c386b7a323343714c376932646a587973636e45673358756748724343754a31516e5048644175634164554d4f517567617158556846355261334c7774667776516677712f3073316d6765594233335a556a355450626371626f3359436b337a644a79614a566e59575a694478526f694259346a33635a554e73775068567066436c744668504d437a33612b6b684e39747a4e5a724f374f3453565736476f53737272513931626655614159516a35757276567a3643453144323551336e4b426d6d32517a7a50757155486446767138716a524b3762744f676235516247584c6f716d4c6e48554c67775232684676315669304e50376d614c454b67722f414646714f41476e6c5135785a376859624e7750644648705367377863313431355174586570342f415577533551366758416158374f3134725054777046526469436c54755543714464484f744a47534130674b6d59577a4f7452753170636261306f3339766c515768795a736a77754d6579776a5149334d47743033594470767a525a6855564644743642766850386c5555716e77717568366b74704b717043394d4a72443663334957624b4e4751553453566974426859327462704e3261376c52644e3833307956612b36795561486d5465306f666d364646314848325833624d65397a53303154375876514c48614c686f46553356756f713778436853374b364c73584d6a6b35714b2f436f4a574a7173322f4b69616330714e5542664739484b4f397038724c384b695a5a7372694b4452707a3433443031567772314a39726d6653504350506e724f7965346e4e366e6f6a614f2b455165544c6c4f6e50596638705051433741314d32586f69697844716670782f4164457a366b6a377a2b4a7838464836563534486e6838464f5a716f337956586f4c442f6a622f4146304e636c67666166616949573043347a39797a6f372f414e55786458636b71656873442f434e7a506d695651315166714b464e6354774f34584939393275617230525a7178335153555647546454325670394c5a6d6a5779452b526b5943595456374f467964532b537030364e316c2f6d315636414e43324c4865353770755a7855524a454c5975504262552b644669754433634b777469464a70305571785038414e486e773161625232614d4c624f6f392b5865466c366d79675251684235396554783557475064624e6f793043785039576a6533535975794468714f64417a4b3231706e6f7156574a772b32327052444d6d6d695a39525367776c454942782b3361634c6b53307758424f5a5a6d4433565430746b6537427a73546c73785346417a546242683876506c5556705a757271454858427a6e5359772f6a6e30337054624e7453536d74476a59357342447573366c47335037637664476d655677614236714a374f7948624d6f575a4e633979696c31386e636a6b2f2f45414363514141494341674943416749444151454241414141414141424553457851524252595847426b614778494d4877306545772f396f41434145424141452f49557155742b5752796a686247426e5645696f49667375444b6c6f79533454693268794449695645346e6f4e6d5259745339687a69555a6252324f5a4e514c535a6370694a384a47644d4d3866526b495532754f49792f6769646c56484d45696776384151596658434873573338425948664576684a77795562364a786c34465558666d4d6e6d4573495174746c4570355a507a5744704979493432373646636b62634352315a38443943396934584c452f476a794a47796f386a566b644b772f457a742b426b68383849714d532f7744412f322b474a543066704677786246587953564443567979537a54505964356836467130583046704d6b6c447a7337774c4a7262384457796d6d5361765769614d47547948646d6b7443477541375a5a3859526547765a4c3164426d32505259674d526f4951515048513773656b4e6e324a4a3165783666734c2f414f77307673494c626d51344b4f746858745051587277706f46354250484f422f71384d2f556671466b534c4776344a4f457857333247737a695135526870426c6870456a6237614a3374693551696f4a536c68444b4e6d424e79535348394d6d4c535673524174735844366769364f6c4447664968555676794b714a776a4a7479466c62476e74446b4a3751326e4177334a37476f6f635578466c4c3530494747372f414a48705030375878772f302b476671346f454a7773754c45384b75554c416a536e5232444e624a46304e676b6e47575141567053796e6b736c51532b32724636756b6a35656d66624c5568614d51496d465a6b79354531676154492f486766423852454d71354578646874416b76384c2f30753230765a446b36657542496732344d7a4951325a4867613161385a4b4b537552773645334e78676170646f516f4e49677333464565595a4a734639474a637750746759316b4c4d674b69495853457472436c4a4d3242794b5543784b494547683047487750427753646a6959324a74456f583743756f68657757776b514c6b58674a664352395136436964696e37476f527851714f426d6f4c575258545976647a3473567162684e4f43434b5258484f53434b6c746c45626569514e5a586b5835424b454a444f577342735446736274536b624d754949304e554d494d424a30516e775264445534513751496a326d734d584553534b646b4456472f4f5a4d6f75576b735451314a4264713745556c626c69654f78684a4e57686f325630524863636841517349624d64697968713647697a4455366b3759313144413677516d5a43443476674737486e696d4f4f45346e36492b7842736844553452674534554d786b614b6a67455578615a693473325544466a717149454463506c52584c3446686761744e4b6b506f6f5957566d525a4f466d544570626251372b557051687765536634467764305438467a4e4b524754515752727771544345345a4543345a32485557654372483045536f6767654d6579557435456e61494a4c6e425243634776456d534c566c4a354c4b5261556175516c5249724d4a4a59574264444c79456f685331676d356f534a69745a59326c74534a705152617930516a6f6f436f4e354e564743495830484a56347964676b3746466b6171452f5a4e75435049364745646b4c6c44324745706a57476a586f616c5332514b45764f527471496c4f784e4461467331344d437749566352414f626858427a675a3030396843664b592b69454646516b6c7356644564496c744d536d6830516530536333324a6d4472386d5157384651796d532f5a49704f64427a6c4e61465144523746396d4e755733324b43503248615348324e6f523969624b6e496c5136456e524e4d63344a2b34353558737936447147434a48442b323450416644576b68566552435768494757594a744d5330424551534a7838703662794d6845745a59715469424a703344486c7565786f637332423552704e6b4b62536b3149516e637945584b4233694c45583543303161396a376b3655374753624f2b6842526f5474574e35436b68744a4d6e6c795a73794c4937686963756c524a73303844784e6a5a454a507445744e72526b2b2b48427943756756446a69434549507343556d6e5168504757534956746343706c56694e67477678495a31516d6e4d686456736330546f4f42762f7741794c476b4b43473249474948796270434873524449456a58676a412f79516a54456c305a34734c436b6251734b4a474c566e67536a7273696e50324e4a6a4d453349676c7542465769676f3178616e4d736866787531424a51356b6235305152524f6d6473537454414d695161547364514661446247575537304d7466324c5772486f78474f763841306b444676513273684d6c305247362f526d4b3170643055492f495464422b2b4e574a454c416b694f47446d746a6e614a6c6b5650356d592f7744675245487845456e327a4e47446c7353472b464d2f77694567756849345368336756435573574f69313032695a3169456a2b30674a6966533254704244332f352f7365573272484a69435379565a506765576f6a7a556b326b4c5a587a4d63554b71684d54472f6b566f6369586e424f716b305239345a674d6c4c5262497a6b56466a7073344639426c5575546b62346d69642f2f414162776a556c663678746c4d4931492f6e5263394f2f78687a714c486264495551516a475347647338536a6731344658517755725265485a5441317971664c654547534f61476b56524339435641716e6b4c3943663434624847785a4d42646f6a42454b746a596d763530556c6a36475a6569684d52706945363333777243426959444164496b5250416d6848513049514f444f4f624b3446426c7a646c4537794a584c6f616641534d3271344c504268697a7845594846385747794d4d7458792f71432f677a4b6f7a65686472794f704a74744a6a7152452b4567326e516e4b6f6a676b304f54484e5a486978776549686f5135396b4a42633043744c516270514e647362475a334c636a515a636279622f4149544e506f7758383551357a63552f324a5937424371476e6771457a4579774e537948445744454d645352457849736967523447484b4a633278535045534f4c5138304d6e4c4247425449635436437662536265694939593865475136516273332f39415863335132305378795a4263304936384559616351336b616e7367576c4b574e5574496372734b4a5246707774534e515530595a4d5a47512f524f4272673969596d4d33676c65527356504b4c4a2f30702f704b6374394376726c35442f686e304748436d582f41425a6775454f7552445a616737526b783176457136662b6763353430505a703649425265424a5242636149744456557a514e52523850794764304e513147566b64646d517163777154537754496942386a56697a776f43644871415349675935394342444c4a5377686375506875464c4a553468716556504e43744343322b496d33794d586b625a4f3455784c316b53337455516a4b693269646c4c6d35455a536c66534538526b794651396953315959445a304571426a30503644476b784d7568744d34636c2b4979556956575434472b68586268486d786d772f7744317753466b576c33676d6c74617755394f7962656552514d6c6a444b5459597976456a78516651725151584a4930706b68476b716a5a4d6e564a413062494a4c6d695268772f4a692b453371644530784a6d4d364747774b53534e6577746943345a725263417468466b7a6b7a484f6a5669754447556a43424a30704a464e6442513545454a324d65577a426c6a7738694e517053644a7968365745714f4c774c794a50795445695762794a5455535862304e4a575a6d54776c4b704c4f416d6c30684379682f312f593979374c523256693958444a2b547858414332477853327a434a2b4356464c774d696d424a4b426b374c325752714456746a636b4e6b354d776b595851706f325744732b466d4b6b71505978554f774d6265526f4e387a516c4249794975624d6d7a46616b5874456d4268597867305932787055596579454a4852593751687a5361514f4e7a3968656636466d35613878464e47437a58677a746a58324b324b49676c55766b72676b4e3050794774444a6b65683651326f556b723247314d5350596b534c426d49646941644c4d45557a705266736f6e7747363856777264424452616b4a556a58524b49466f6863574b684a4c496f46576f51386f694a5259385344722b6c38736b57644b79777643624b70624736697a526c4c366e6e5a4b546a69556e3064386a425a61513636476277684267534b6b542b78346f654a4d4b374d417a476f797568546465552f424b684a335a70365347754a4335536d6839525473714e51545374694169396d4e533969495763413031703553494549544c396b56366a5454706d78586b4d326c6f586f5a6e4235507a6f794a49544e49524a436b736a6d7769504d436c6c6f6c57394535614a4e33513238634453486b646a7a6a43473037374d5a4c5336486e696a744350634a534b57784e72356775545433392f364344313148503147454a4e6e55736c335136746a69426d7771334f51596153323652557a2f41424547304f397259733754797837596e453735626b776b7855496d3855496d655773727445616a70354650794b46634e6a67705a4f3341307347686c3054464f526b71767a4137577a356876736b536c335877546e6f2b49594c594f556a366f536c47523652596b43686b77516b2f762f6779426e4a5073525071462b55644131484c447745744a4a65524e74324d36546f363976522b7654466368487a43757041685734396469544447343342763938484674556b484b3053514473534a6931595474486c47685244455745453873536d624f6956576c467a5156636c2f7371356d5a566b645459624e457432634631414d6b6873704543645549475332326b2b787973695275676e554e2b2f2f4141613661467443696a50517956734f546f4662644d6e58634361324a714a424773694575614351704a5974496d674a4745615266527a53536b533331736d586f6d62794b3832336f516b6c42414c41547946675353516c59744932446245736555354b4c7362794b796a7354785a49555250413641364c4930694b7a3247314578396a74416b2b7847736f634a3766534874374a745749584e45587269433556512f32534b772b35456a4e6b714a664232614842716e2b794f587a68336b55556869537543615132627956506c4e2b7841325a4864504270456d55375a6d6e475368306d35735a54784a6d687370523853677378704d2f4a724b454b4462484a65454e7472646d4b52786d78336c6e67496e7951363945657947386a6c59324e737459396255545a472b42305750305631474550786b53535473542b474e43374561483746456b587a536a4658735a5572524f6a312b566b665559676b584a4d64424f4357336d6977554449595a4a68584643456b79644345676f67534769572b4e307145416e795a34724a45656149774b53536a7332592b4271714b2f354c6c596a62503744576b565552315275304c4579305162793467322b72464f345a5468507774694d435345506333324e38324832793345537870457142784e6b32574d596271353432696250314d2b5247496f5266684c564e3854436d376c44644e4c476c5353794e4b544e344e333847684e6f394356436835344c6f6b387967773169596f6b2f59663841513243527044775472676d4e50437a78734b54594e466776794367495936596c4c4f434a6c324c5167726d686957545a67536a356e774741373251397966784a70447778576848374652465a4e57533446754271576d324a30474436516c483247736732544a446a5253776875467857325649344e43787541744a44384f6466484c464a593470494759474569426553634333636a4a4e6e512b6770456366675866726a73366c485a574934536a4a2f704d354a6a512b676f4e37453770767a774e546568326a4e696b43524f684f6952736b4c37344c7a786f7a79514b4478456c2b4554686e384d6f704a4547544154626642594566596c636a687534516d7a4457524a44524e6b53586f324b6d507a78446e684c7635346337723546484c6e6737523764396f6270704c6a63354a593847586b57373457526a64383573616863523251744b53696d4a6a346c2b6d5844374a342f3841517052536b4d617977784b66424e6b793343684a736451794d677030695a74516b713538634739477a592b755732682f6b5462634345696945366b6d714a6f3849696d78464e345a324c4279594a6345356f544a746b6d484643516f76704666514b712b6768514a7662644e66377749565a567435362b513173554f3055773539446b676970776c78477854707872445a645a2b65537959664b676e374568435937464666496d664562332f414555496b4f52746c684e30684e4649633550664273516875554d4a6954496c6c305a574d6a624c6159395363386b5a676536302f774150682f4448456b4a31476347566755525950524432305933626b6867324c503841464956574c7954506a684a68437a596f364832626c592b6e2f6d52755a694b6f4953516c346b5759466f7552757874437a51334178525254456a70434c3251614d376a70424a6762526c6e514f486b5777666f2b5078424a6c35496f2b464a73424a7a79795a6f59384f56676d2b496245575a5543476145684f453944784a366d61513366544b38712f38416f316e676145694644696b50493278425162344e305646597a424f355a494e5a30556273793574796f514a5a4c4a644e5a47636f5438374a36456a656c2f7072354f394554714a5155326d7444533373676e43687043473634304b65466b694c465938514a6a666b567951564d564d57446f7043794431623054394f6d524153792b79344b547953306965782b6c2f41546f30446e52735967367170754b466e34466e70644763496b6b4670336c344579315344654e3747326d37436130783879697645542f7553547a56304c6f6c5a507a57333053725644426a32475059374550684a4d43386a646d6f346b464a656a4c6f694d6d4d594731492f4754454279693942614a5441304b306d5a43636b6b6a76424d73627363316b6a6f613342624c796147555a552f43445970365a57503075522b435168564f6b4f317046563233352b6a78412b354b70506a487069316842725569416a6e506b682b636a657a5241386d52496f5757595452675451736e516d425467554a757867376f6475535670426f327a384235774834463051536e4836344e394d592b4232774e64794e7768396c6e4c47494a4d6243556a5a345348794553426c39566a5949572b78325a6971734d2b615550686a58547465456675527a6d336647755049334d67454d4248324a395a346c54656b5a56554c417568765a6a58427162596b6f3646457a71537a6651576a706869324a6668467a6b61586b6e4f422b5550324a6b682b54785937477a486847495446395357535a357031344734707557524e6478567258355a4a2b4466324d51524b50733951486d45516d4a54364554372b666b37596f6b79596a61456c69675544622f413076534d704137524436474b4c72534a4f45554a43536f6953532b4446666b5452534f356f7062592f4f524668482f2f61414177444151414341414d414141415149707255444f4a746e346d72322f543971316f3830582b4f557044304a5174664e3565716d31593452336f43377744376455416e35774f464d5067677868526941756834416143465865494536624249557645726a3569617039544f504e547675675376356e46713642346d61666269635038416c5572666b3464724e33796a6c63367031756a6e6b53513748685947786865526b73587a63516b664178545348413239664c6237683668664c447872736a744e7645677766376176652f626b4c6b4631314b764974334263694e484166503841337a7a315a59685362336759726f4750426a7a38447237663766776d366f50584e77547676784663777a6f324d4631413465542f4150706e4570562b346162586335612b7a6232367a723046773442716c62595939555468574e4336786e3955304e4e785071624a75744570754476585377306845706d2b417334384473436a4c6a4650367348774e6e2b6f33464536762b4b4679367159732f6a626d4e48507164727251534b736e36633848347462507365655a614d7a5441434a3956615175317049576a36362b4b4c6a3142524246482f59556d6e71646b6149434667736a7a35354e70703348567837496f4d776577463441776c666e585a79554d356b47416a6a4755724c5a39773059444866563438686a316c543053424136763637776f342b4c727866337963686569392f6a3963676942426743432b2f662f6763412f2f454143495241514542415145424151414341674d4241414141414145414553457845454567555442686359477877662f6141416742417745425078442b674a535034506b32574e354b486a6b644442776a77727368466c4b6f442b774879654365664e446b65766a5a4d3538426d372f3867484f35387741484a734a4449634c4774315670543836432f6c312b5350533061723861557950636e777150506954334d6a646d47795a5a3473732b772b442f414a746d666b3877755733393377416641786578765949482b444859516835636954382b614350364a55664c5748736d4461334537646462694744695a4e624a6838695364576e635977387475546632416a307835324650336c47474675634758416a544975482b78422b7a43466d306a615279535a4a4330424c7a50494a356632512f386976344a47314875513779437635627a5335655853495166795542666b7577697579384562594862565a736e786b2f366c79535a66464f4a59425050326641694262593562642f6669462f305176626c427a4c6d3542756c6f746a6247545056776873442f75522f452f4435434431487a6745467752696248396a614d6552454934723657663564757743346873774a5a77486b4159514750792b57514d666c324c784e644e7a636a74677930445951576e79464874677a2f575650666864755766494f416e703265344c3257576643796278393757534943387366376e36506b465a2b47324630687a557842426a6b5950367372385a5954734245664c614c5a5161324273784175726a2f4357764a654d4e396b6c54457a3277575071434c4f72734a736d3563757765576a5276364c74674969452f4e483065724163686b522b6e624a6e784d6e6a5062635a6b3476596e3237507778783550516b672b54344679423677615632656f38674b6733793263626e59584873483461796d656a384d592b33735a756c33594a55783263636532692b51676a4a597a4f654565396b5a49665a58463263506d4f737a54495957376a3562466475497a734930386d68504966554836756750324c2b6862477337422f4a5a70376174725a726349396c2b6842592b6b77616b794263556b4e437877333948787a4a4f48704344392f5a544d4f326b43746b6d66456a372f4143656b4a4e7476324f57786f6b6f4755576f434e6948395759575873752f7a53772b53435739764a5977645a657a43494a2f33617638414e7678414d523249396d4a6667697947656b49467678502b44656a49477752373862624b54676e7238652f675134532f344d6e7a344f79487a7845547643792f4432654d68782f6b7835654976506b2b35434332622f4236332f4566434d38543846377a6634666b66794a2b742f2f45414238524151454241514542415141444151454141414141414145414553457845454567555745776b662f61414167424167454250784243632b45476f537068635038416c7774674d693161774968776e752f656a2b3645664c752f4879633878444e7a3441344c4f5a3764587842344d79316358733378434c477937776a53664c6b672b4839556e51775073756d6c37793564734b50674c434d414b576a596e2b79754757765a4d435562475a567244624e38663475653744684f474c34644a5a7a6b6c754e566859554c6b4a335a4e6a6c743279572f422b5644626166776c3255573541427365503841666d31567257634a45417873415a6a48736644387448453257523846734f784579734847397762466e736e75386d39532f5075527766626f584c4c5275424c305146414f7368506d6e4c70624550777447457333617038512b3366535241503233693375514e5a7a4b464c7455795632646d39574f77632f73452b7a415434794d55506f42324f6d572b6f366635732b70364c474c3830722b2f44725a634d5a6d477265706b373835314c495559312b524c6e784e4c72587471376837616551586e7a4c6b657963734f717735442f643576324e2b415476384f784a3359443067654d47595a353943504c4e4c427244766249473851667362414e435454474a51617734324a5462494336623969776e48327764506b494c4932387655727949486f522b7874762f414b7869662f4c4c526a5a42644735642f4a4454484f505444792f732b422b6c6b665232454535444235764435647752337344776245527443334f54324253765a4f426178482b7044354e4744474d4d455151547a443656384e6b367565782b463044354b372f55774f73545a597231475962396e79556a55664175346566467875397369434548376c6a5044646a456d5073636a374e463779356c736a5751734c59482b34495a737979504c52324350674b70612b51694746714a776d45785a50694458575731746a786e2f77415949644d734a514c59645931426e384835685a467a372b664d73794d6e494e73744d353862596235426e3863736a6d73742f674c65544462595277453279785a48387879506157736b7473576642646a4a4c695752734f734838732b486f75484a5a74682b4b776e57444473642b466c5457442f6a36734d793762384f7a7358544456362f447a5958722b4f2f783538523176566e777835736d786779385069615a444766386d505a75543169505a336e45322f66356e2f442f3851414a784142414149434167454541674d424151454141414141415141524954464255574678675a476873664151776448684950482f326741494151454141543851764141796c7241436f46392f785231453539385a6d504e64646e69435265334d636a3655677549725770565a646f3854453966384343784c4f56334b514263346c7a6f6c565546646f72703879326f635572613874574168336d30766f326e346c633232797a776755467167677971775966754f694f413874314b616c74516877322f454b724576344a583875486f49465242334b503471474977416370465435483459694773706f526d3465494d5259777856682f452f464c486a63317a654d444876414e6c382f77414a716b7a4767697355654132796d342b6145734e77455762774869566f436b624f57416933437853464a30626934676130647731585a693350314c4c35417667594a334670773569724255416f4c724d526d5667706c656f704c533574463152374e78756d594a7768477a595466784c476856384f4e79307259412f37655a335a316a646464776b53377241633163733769324678714769703568722b534f55654c75596a3155794d444e536d344d4e39545a515a4946555774535555364a5463474161466c6b71793351666159624142683979706b714176686c2f4d424b4b56754a6d4d5368304575336f7938504270532b3041717977714a396f6c753077776f6f6d77702b356a636d316a63317475474f614c4f535769467a70394a6162394b30644d33616c58506b672f46724e747758616f64734164516f7435346a4d6559746a315a672b7451393079563355547334443849713263306c3571674274464a63324b6b387351765665537555704c75533658326e7a38776b34655430646a385251526157656837377636673231325a47586839443569514c70566e382f6d6971433177635052424752754151504e696a746d63467a6c684477596834683644524144524b314e65734479646b514f4c53534977624f48685155393158334d347259787a3745696a655946704d6c506373544132444457584c63432b49305331674e4b446e6d5864747670347a426647796a506f527555724a2f664563474a6a624731724b64722b31696f576363486e4f5757536c594c6376722b735246516357787a6f36516d4144495a513347374b656a4661716a6d4579786c705a694a504b4a7a572f5574726c50444678634d6c34635578345177757a31562f734b675574783779736e784e5431697231736c64474458734a746346584773783579365961574e6138775a694a5a544143676f2f6a69614e7a5978376d775a38787a48437477734c53426c6757566d6234706c755a357256636f544f4c78754c51446b38525552567368454f4a37716c304f50523347475a783358514248315443584165693978506e3256645274724c77527341337675484d46654b7842365a6d6b4237774d714b6776424b724b49413667753474344d724b44533142454771366a78784646486f6d593636304851505858752b5a636e556f7138536b687355696b36677a394438533755494677636a7a4b566874314b317275556f686b6330476f46514c786559374a577269745456454c754e5174664574596b41444558436761375952754e7875734259554541746a33454f514c784b6134776834523335772b374849314f6164522f737875574c734f533769626a69364d53683675697a666d5879707934313467452b47614d4570594a6346586373635470792f775679517564774b304d4176684275384a42446752446e54356a534b386657494b502f494f50734e4e673545306b473847513061354977434a72456f617141706c55646543717a4a356836494b33476f685647664551334134616d594369725a5336356d52426538546932566a5177356756307a544746317a754d5a6f634471796971756150576a464441704331654b4c6c67327972485457734b536d4644617a4d3070733353366d42326564644566734d70574b4f49617739585651475a344a64596174635259476a2b6f7171705876426538625a4f5936504555713951577157444a5069554c4c563431465771664a4342452b595a4458704564324e3857513655712b626a5365766b6c4942416a35777a6d5444396f304652586143345a6c793755507a2f46676748754d3141324c674469594d4130544d544379774d584b677834644d727348414a3534706263515a4656656b56476973527941746172634561596667632f33416d417374354e66374155574336375a6e626844514839546b514f526c677a69596c2b66456645686f3162556358676936793073546f59676c6d627a456f556732506549614b6843745a677174747756716272426353305a7079545962767a7a41444373354e7a53754f367953746744795266514468584d4c3338692b4f5a5a4d396264386b3545503349444d5168596774474b7a306d572f4d53466534793537624863495278424157445a592f77415a6c4679395263524f4756496e41324d722f59433171694769674d4a6e5663724d785454576f4c6f6f6e5a356d4c30306e526a38334e556766346a2f4c743475755839456f6c4142335548546c4c5331784c4e615852416332584771334b52417a6a784e394e3939797730793732684254684c6d536a585652306f5070463730776e5561694f4e53744a6c75747857415738596d504359786242646b586f63774532714176694962744c3252464a476230443141704f413568694f576b59674a466942524c525a584d4643744438524f784b6d4579593066396d5656705673466c544c743674356a6d733875794d4e3074784c49425a7a47703642665169777444304a594c417862424a707a446c5963777241666e357a47645177566633784359554634777462675761613274355a73494c386b4b69573678346932697a356c5851506179346f4e627156513434455343494a76694771465057574346766a754b427a62325261446a787162457a736a5a5a4848695679596d515439784c334461554b78714f3771576333695956575979666d5a5459792b6a434b46634856774a42436e71524a30565a69624e316d4a384d374a613745516345646361576f514344464c52394946577442774856533366414b356d64457033416d43776b73386772314652367735427a2b5953307041474d72674f4875474d447349326c695175426554567936567a564b727a7a644b5976327549546b566a33796575596772772f6b6d45584a5239662b52475a4565354342484c6b737378626b6f346a6c6f634d334c575041464978414f736e3169566d7432764b4a556938526f774f676e356c3742537a75516f4d4638776a546c365174486a666b674648463768325535423169556b4a646a762f75343243536d4538514341567855426b49524d743573714b4e4b30656a6d4c492b5a687631437771544c44735256687846454a48754c7a676946577a4d4352615269566c4e5532514e69613738525a6853507554684e4c484e316352656951507144784d4d5a636b476947706c4678767a4d41784e793778334652782b50754174467336786451356b43737669355138732f557557696b643330786935354e556730725a68566d4f7866666454494a626b5648774f676c4649347469623750784d6c684f556776535a65794b56525164314e53312b6b7157495245537a754b4145426250575a6977556e6a754145586f2f31435a5333502f4a326c4453704570785a7036674b6d6d50534f6a61745a37735933474f5a712b49755576384a5742637a444f2f3451355335344341436731545557506c4777394a54476a76757576574f3757514632655a566c616b46674e4a547a646c6a59446176694c71585771496a364e6c63503976694b62596f59653478717665342b5663433151366a58324c737a6d59747a6979767045414b2b4f534b6b387a53523368396244424b776a715a5348565a5641525172464f44324179316462632b434174464f622f794144634e6745474b34786e4e4852476f4c5744715a38385137304b3877306730702b346747326739732f717a61364847584d63676f473767616569507a4c41693851414958747a473441324e5a4d616a7957357559453669476376624e613363457658502f414a4169307977753233755646514d693671486270464d42334637554f574a46494b4b636b665532324e52456d73333678646b4e3159717565345a334b555149394f70516d6e65465370544a31746c524465756275503766486364757171747752554e77786f5a7857355768424a66554e75554730654b4e7846366f595155536c344b674b414f4d6a37686e47753078557a36472f4d537355647977366944526a31687353746351464f6968554a73793765502f414a4b73796f343667674b445734442f4147447a4244334d38664a526d4a436e4e5a6d6f434a5972695878754d50497a4b6a6f69726b33426139496331422b647745576366776d784b4f482b55736d674962674559437366775334706841555561486365692f454651434f777038332f414a4274355542552b326775555976644756385171774a3671735638675433485548774659584b67546631465378613853736259595a7041364d70714737716e3569386756632f454357795a4d334c4268617349664d5346794d346863394233575a7a4c5445324c7972754957726231445a4848554a5143746a7a4463646f48372b366c4a30777657617a4334464a6d3362334758572b3450556f726d4455756778554c53673248597862473650584d58734a754e4c346a74564f2f3859334a4c6645437634764e6677672f7a61304b78334c36454450726e4d456871437464544b6d7a4e2b3842514b5a7056345735414178367779466e6a426d377a766a3476527970502b6937566c7573727a4161676f6177784e58587a4275714679787a6d2b44356d71703652746c706f696b33706d56736f336950744d6c4c526549314732756f385a584d7159586a6e6d41586b6565493871714842657645783369436e73333347413559474f75672f7555576d474d64777842752f6e43357876714c776c587367712f34306a517a55766368457a69494141754b67426c6948442f375a6450426255665343427a61773134714e564f55636935786a51475a576872624474797661764d4a4e4979394956627476554f6c434f656f63494e347844752f65786a6950513049426b4f6373516f5a51433778664677654c69726f306269705679383272694a565738524358655334726f4644646a696249415967544a45617168427863557479596f387634527264306d4a594c726e7851596d3956784632677767572f7741626d41464442466d4942476c684a61686f4633444459387638704f67426835596c4d6c662b454277684d324b583070692b347a4f304b6e30366c484e6e63554f707a784c42376c3646626534424a6f334b4b57644a6c386d446247366c48426f69474869557139654a67415872306c53324245455132357142725935684d7068765678314567726873714a7048314972594b4850314651754e6b654c6446722b6f4e6c6b71534774796e75426270724e664c45326c3344357546686e5556754379667868573338305372476c5863512b6c2f7743326a5a4c49673942484c352f45744a4f745846377134414351746249684f2b65676943536936526d7667387066354d7546546b59654a654c3268623051476172376c3344547a433165594b4b6c6c7346555141524b64596a4d67552b3447673549774c5a4d544678744c53706577735667516e415a646a4d343455527451796d38697972565149384c6b6c6e68724a3674495273684253484b4762684f4c4f7a2f414f4b327656515541362f39756976495175716f35753873737173336a36694677724c613748652b4c684551365a307644523967366e6b5368706645747272367a4558734a614349496c37626d4268534e52376742717439536c4c657844304c5875556c4f66614b31355738305175797476714b477638417043765257355a624a666d435a47776f4f4c6a526d6736744e777134414f52736c4d6f46424f33395a517668794f2b6f684775373567326e62715971627867634243616a484a61495a565772314462593879394b6c734e7830312f345a67387873676f6e58384449716e582f414a437172544d714465317541566a4e39742b5a6b616a51456259676b4e4e6c55317a52445a414844705779396e4878484e546c626341586848687a4c6e344643454571504d48755772366d5776344a635379397772665658553767366a5730537a4d563157334d5958337a6e6373746e5050704e445a7753384143754f6f326c4b4f4c69546b692f45496f4b4e6c53755674335542304c377547644d485855525133414f2b574c796d6264796c4762375832444557624b4457546d72795879774338756c373879347a676959626975676259535869486e2b435a414463645566754d4e537a642f7871494e73514361534f63434732394a2f417a6f63485a4c62347776337637694b4a617263544f346e4c6639514c7264504d53393335626a794d5335696e745a583079557268366b4c4744437a3050456263573165587841427942516b3849416e6b376d554e44375a68764a7a755a6953377a7a4374696956753952335736316956643448595a6d50583569437a4a722f5a554b57706341554c54414d70794747456675343848432b59776251457665474d72694a6e4e764d51544b6873374b684f56477977446d2b5a6857736968516a6e336d424a744a686141694c46447a425a426256774369716d436139594255304334385279514f59303375475569754365307976634539584363703271346845536e5a6c714b545a4c65547144517545445a7a426847676e54434f73684b2f66654e65474b4756654a6747357976456363585670353877766341704b486a3569473259413265305730612b5545742b2b6c634b36353245476c6931737544387079756a7a476a6f44546e686745484a5559754636767145326645515578547a7a414c56555663686646776c41554f7a6d45304b3738517253377a307769677878484a62484e58635a59425837694767706932776f687a497a364c6d77493147467a684c43494e664a69556430426f6f6a305278484468785957784177584658725a356c7548574d3978644757737469536b797276694f756c4755794869726747734371764654424e4e594f6f49713771344644564e51494337473769456c424c702f6534466647484f4166726943694938696756426a323873714b7743456e4f63446c304556694d44526456313778705546304d565642754d344b4e4f4c626741694e3574433268504444375339395876647768624164784b44796736745a4a6d6a714c536f61764d746f457745613671427845455175633878733462716f774764336e6c66467a4132585869427546646963522b654a4c30355874356c334e507645714870467971544a312f38414937565778576b51505866334b6953676f4b434644654a5933554e56695075325a62555a687735546c6d5a434c6b356936484c41714d54787550467652497257764242534e724d45515a304574714e6b5269544b4b6d596a62675571554a6a373246746e3469596e534d49574e634832496e3768655665506e775374794b6151752f3841593173303034715a7042726d3879756e49366a515a7a6766557061424d674c67437a5462334e674162395a7366663841386a744367537943686d7534436270666949434e727a6663414141743037674d726476556f53315a7751535166506d433765395262584f53706b5837525671785933656d7465597a6b4555655738536e4b7539616855556642426a394a64376e46635152636f42485056314865444d534375346469734545776b43345948557656465442753769416a41774771725134684b39737a5459724d3478456561502b78717130344f32436252594b37794b2f4741356f4965446476744f6143387676586f536b4f61793563644666316d44614d694139313778773335615743466f4c703575424642584e6856536b6f62767333435730526d72753479697339473471574e36532b5a5645385a346c357254746c363255656b453155427342526b4a5a30463951485049737a6d70576f3152615558426a703535697473326f554361506d5863363348454a61616c776962634f765335577441413043682f4d706f4d634a614c372b76704859746f66582b334171654a644d387a6a4f374e61496c71314e776a5642575754516d4b4142413541396b4146697441484d6f74586f492f4d30484d594e5a687133676959316e4f7038642f6352627856467261717035477a706a743472514962494c47414e4b56776e6a7a72316a7a436d77656465763841396c66717848693562727648637452534c6935714c574b39734c694647554f653568572b50614f545172524177716f77786945717a4c4d6349336772504d646a344e327a55516d7372485a564b366973614235714e566a484d516c70764c3347674546545a2b59727941354b7a424b46493234396f30564b4b797a4d5a6739366947767a4b6967594a6232684d7046353251572b447a4d794c764a6a51487a63597341417756634e2b6d572b79585541436f7755587363372b7052425a766d4f363949444446596a756f6b57774e6e424d78554e356a69374c6c4651615a64415435545665557a66574f37724778565a51635933314246436154683549356e6b4b6244537a4d334449376a4a77453464777931577250765477386e2f4147433744716163524d71745751766e63742f5a387778774e74565a656f4a536c4f5452484257446549496c59356f6665596c7857436f447446347242634e346562642f70445779326866334555416a767546535270724a724579794b346a57495a654d525270567858635547436865635237376333704c3157364e3535694c61625a516c7968334c68316278664d7644564835686862624346496e536e3169496947444763346f2b5a55686d5264677239385144514267394e66647a417a4850746b766a72336c32617254754c6b317a485a41692b574358784d445152685068654a6e52386b326a6c4f2b57737239716c77306f4b5063626d5455544752617a34326b4f47536c6c5541556645734a62554378575a59526264555663716754524564712b706d6c6434725037754f4c364d79745a6b4a4c7a584d4c69374f6e66694d37683659764a6236334a47536e4e6375347143624b4f2f336d5643517a5a527556614550526a46734c4c2f535a3453356554714a584c4e4a75497141774e51564c4e42356a597343374c6c35637278736a306a4b784252424c6e47356551515572643278533962457a356a5941656e554778583933434b7179433272586970676947424d5163435935502f6b4a4279314d685277395a514d7769714b5177653276754c666c30392f2f414a426c6c794c707654346c2f4167575675436c34667a4d342b4d774a46776d485562754c7156587251514a645a305864334174736b744f2f6e42377861346a5541554664596a62554f5158713171613334426a3143373258663841737479625454487a705555796e372b597242643379787736637a784e6249597379657361706e69793851622b47592f7035726d4e464d79785239345045713050734c662f41434b6b4f4b78314c3552387a4873637763374d584b765169394e6653506c466f6358334c4d6472647a4471466573516f4165616e704c774b36754f6373343443496731354e52693263376a4b4642736d6958624e635241466266504d496546666f69465339486c6d466c6252736945774642765447694a67456a686831564e7568362f4d7578654b58784f684f466676744d7578372f654938464f787744762f7372656f3556654f4f456c626730557478704d584f5a5662534a6e4b58516d46716455346d666f6856724158543351396f4b584b77634c6e52314550326730564c434b794e6351414e6c764673414d2f72436231706c51564c463157753452732b30414b6c7a32795061314b786b4d6a434a726c7278446a50686c78466256775759304b4b6d4a2b694978734362426e43343943654356655a626577504a4737514639626a6a57615a7645635730644b59415865444c426a56544f48644d5a7233683271327565346979436e364a5739647a4573725a654532526870624173786c4c5173492b6e2f5a674971416147314e5879526b4830737454595978314441564b773171596859614d66754e6141352f414d73686a6d325959464733547a414c4c75754b73303859592f634251774b385155766247334e62694149344c3155626d724c685538445561336b67632b707471564161425548526a4552374c7255714a6179714a68696745617a42573046734f31486d4d3576704443317a43432b764d634161754a6f747258454556315935694e5a62645975426d466376377a4b674c6537566b79535156344e45433242724c3145463747413852466971707a314847776a703363596736614a57372f414b53495773707a3467413275686c34736c5771666f4d7a4a52786547475373565a4f32434e48633878466c51596c447a7974467a4949476c6f2b336370597257795041414656396a324c666157596c455878485079726243336646517a7a727269624d53714d7756646e63726c646538634c6e4d4d6c482f4951356d51776c4e68694144746271454e6f63775377544c68677446474a58694a5852326c584855614b45646b6169793354314530623077707071753234365a6f7a36527741475461564167306855416f3248475032346c6c56594936717135676b675763757a3069675736506d49516c67625855336865716c4252757152514846755a5569466b34704f64796849592f456543776379303364395a67706e70767844445a516a567933566579524f786939614a5a3675487a4d775144356a57732b38775a464d4b4e6974564c5a552b59496d5941336749594136354973377a6378573672714b436a4d515262436852534943785154506133425842597142574f7353705a336a346a65377477767144524f3178756865596c5535626e444b4974484265794f78776647344745616137393443344265343238556131416864673568452b2f784c545938707a41454468783051567979693270594438525a43723139516a484e664d626d6b4578355941554f4c515773583138797971624c77736f646351714736623959576d457a33624d79793377544b52497a51476231742b70627649756d5832486e6243566f7139314148465a6c6a6c33712b356b4d384d4e393333456f49696468586d4d6c466d347963797444454f42557a4164516a594e7a34476d637646637746337555456c70727373666b443059365332324a41415961766d58495666454a706838517a4958624b54576549424841787a4c6c564e636159714c6b7352736d445a5450764b5934417663755262562f4b4e73676545795575727778756e5a3345746f7934394a7062586868636f732f555650505869494f7347724f42714d3079337756416f476836522b43333157444d764c447a3073506f4934347268524e7768587445586b354b536f4e573157747872674c4a73323851536d582b344c6c586e475355656c4d2b38785a6a7772554e467268314c4761436f6842792f77426c614b7863777870724b4e4f792f614142576d6e514b7677526b6f775a335178574e4e373575425a7876472f4d464a594f566d43536b724e7554346d7443624455416c326c3659734459536b74416d6f306730484b3567426747682f325656566f706c4a5a6f713456654f3449346d54376968465669694a73555969755855512b55746947714931767555725269555a616579496157764a715537594d35596a5956712b4c7a4d736f42474d72314b75446b65536f45686442376e3977454461774e7846756e654f6f5551632b5743744478784c7531707143574f423253675145567130385167714d76334854646c2b6b70794c49505437525042766d6251624b6d41704751374e73654967566c4b395962565168545234796c5056336941754248586834384154334474697a586c737279655a6d4f30565646783057433648376937425468536e356c73486d727a46517478724f4a685646653979745965363964785738476b37706e4b68317952564663323949743037724d784733704e737641527745716d5a3138504d47734b7762716836755941795838784269736f677342356c6d432b645a69364c4c315855525343552b5a4147744238497a587a6e7a47525962767142786b65623341706e366a4135463171426757333953724a66695a6d534a563252675544326d4456696a4575624b716c62686c746c737a754359564978434569413058527a554150514e684b315646425256517a52304e78566f536f4b3861514c6a39443747554f6c785a44392f4d576c73474d69553445364c7541554c44562f6d485278642b6b6551735567785a51624c356833415857745274744d4f4c626c4647385275796e473579645263696278433238584c70624c654a715557574c433473796e6c44694d6c7035376767484b754875585147376973617a7058634b41586e4e78776831427171432f573950715a415658584d45514a7863416f6f42766935544367347069634574494b576c7663737973474343324566614c46434a3157356370545854474e6e36527469306e695930617a4d48634e51783675303067344c4d31332f77416a68525753692f32707843666a425a5472584d53676f6243693550596536734e7879614c32585a2f6e314733394c68355a576d58643853746c713345514241586a694f4378384679715841617536474f6f45484b584772445a784e3759444d6f32685675445563356734796f58633232366956584c2b49437972484b376a41515830484d72596f4133672b6f33667465347a5146347669564352586f6943684138376d4a454469454477646e33424d724c75566f7a62775142794d78464e3165493261513769726f3863536a677272695564697a6a55747337316b6c696c39496a59656c7744767a484f6675455756626d6f543147636831424c70674471695a7061714d4a7a4c377a51494c4d2f54427256726176473330412b794a32745070777a37523364334d4731755172442b6b62474b4e78764e4677614b4a6476444b4947726c485345396e4c4c674842446c3469554e2b3856656a4e7a6f686157616c6935554b6f65344330794d7032367476694a6a4e5663417948565675567439464b786b31706a754a5452702b49615772646e74466738734e5152775052507842356b585163515539786d5a713446636c6376356d677165526d466758304c694d6b6530614d63796e5a6669707141487043656a57487543307646356c53786645513039496d356468487a676c447a4c4b4562732f4b78416d675374677862316d676d717075563243334646334f5159437932794c4f646d6942574a6761427976652f5545416741305649376e47414350545a576a6164585637693754757973523476784c3055425a6d7a7469644b577931536e4c4f6b564c6332625a6d2f4576537059644f6f6e5445736357656f41553269357a7845744d69345844514d3079374e38784c5973544d5956717a76635157313158504555617358786f6a74446777536f686139386e3446676b3161334c6d6c32764246416356356a436b483144414351484b33306d542f5a6d4e336e7a7a47727339574546747651344a714c456c4279664555526d3250354a537a6f434e744a52624b73613059584d554e4f7370636578646a643364796e536e516f51324c676166614257794170736d5470766a4f6f363042616b4d6965626c79496a63497472674644313854504562627761486a71466b326b7967705965484879616c786246734931774c7278695a6173347669636865494331634e314264586d476776543345744b4f4769496256696a45746f4e4467366975516335746941413754585579776c617a69346d465a54506d32553653587a4d69596a314170756f4b5869457956372f794d7748494f5a645850624469496f58307a495153654d58715974632b4b6c30467a35694753317845436d2b716a626448724d536a5837714c7377654a54622b34674f45454e67544f355432567848446e2f4349415471414d764165504d576b4c557976584855463071567167364374793857355673554c48586634754b35676c674d3644324954495955594b4f566c3278314c5241574d443747474c66594164492f57746569776b61496f6c4d53343773446a504d74374d43787a5958643535387a6c33665a6632695532622b59594b34356c6a7948555674334c4d74316343705669596c75566d735871594163383433424b50462b754c6e45412b574f4851647751425956644d56697145746569585162703145426936334d78683842516530616c7564587a4d4231486362544b563754415945475946794a6c2f4a5a6942526a504c4b6b564638517861717a6d56565156356e70593142626248356a59626477476d5a3576634a4b4865594e4f5458314d764d736f4c4954344b4944654d583450486d574167576d39486e696a4d4f4f566c62753255496d584546777073414d65384a77574c747464797362414d6c6d766a4a487461476f733265445236796b46504d78516f50534e687a6c4c4b2b2b706453563276506d473634696c7737474e357a63444a3275496d41584964784e303044583739774748573845726d396f72474f764d75756932776d356262546971736d5557374363774d79525162726e4d5156353375626d633558754b70536736375053466f616265504d5147707852436d7a79754e5850415779695a6778426a674377316c71574c426f386c4766694d6f78767543314c35784b466548446535766b48754a7249666149317739584b4d427a77786a6756373343486636514630753157615971364d7773754272774f335872487a5a6b7531444c2f63772b7876617865504b555174774d4447444f4d5a59725145525462314b724c57507564787775663841694b6f574b3041713373314b5057724c52457871737551727846644b616e546b72337765715174686169594f5775635035674b686e6c50457539626958435a64596d674c755670544b76585431352b4a6e68354e3656762b6f46595776584c41735346595736312b497532552b3436624e752b4977494441386578446f45506d55697457316655416c7473642f763841635141726239763867415a7479424d6d4e336d4941644672476f5656594a5a5542726d662f396b3d, 'a:4:{s:18:\"clientOriginalName\";s:20:\"robertomantovani.jpg\";s:23:\"ClientOriginalExtension\";s:3:\"jpg\";s:4:\"size\";i:22907;s:8:\"mimeType\";s:10:\"image/jpeg\";}', 0, 1);
INSERT INTO `users` (`id`, `name`, `email`, `email_verified_at`, `password`, `remember_token`, `created_at`, `updated_at`, `surname`, `avatar`, `avatar_info`, `levels_id`, `is_root`) VALUES
(2, 'Mauro', 'test@domain.org', NULL, '$2y$10$zssL6LFJTPMg2e36VHVX2uvAxi5xpMZshyDvClkx94fy.sl4rokLm', NULL, '2023-06-21 10:52:51', '2023-06-23 11:35:28', 'bbbb', 0x2f396a2f34414151536b5a4a5267414241514141415141424141442f3277424441416b474277674842676b494341674b43676b4c446863504467304e44687755465245584968346a497945654943416c4b6a55744a5363794b4341674c6a38764d6a6335504477384a433143526b4536526a553750446e2f3277424441516f4b4367344d44687350447873354a69416d4f546b354f546b354f546b354f546b354f546b354f546b354f546b354f546b354f546b354f546b354f546b354f546b354f546b354f546b354f546b354f546b354f546e2f7767415243414b41416f41444152454141684542417845422f3851414777414241414d424151454241414141414141414141414141414944424145464267662f784141554151454141414141414141414141414141414141414141412f396f4144414d424141495141784141414144384f4141414141414f67414136434a77456a7030754f4652734d5a4d714c69307a46356d41414f41414141414148414141414141414141414141644141414141414f6e446f414f6769634c5352374a35686165675a7a306a5363504e504f5071544352506d44683742357877306e6e674141414141484141414141414141414141446f414141414141423041414844595648754738394d326d4d6762793870504a50574e5a41786e78685565676569654d52504749484141414141634141414141414141414141423041414141414851634f674579414e3576506f444f6569436f324734365a5334704d5a556277556b7a4d644f487852734d78356877485467414142774141414141414141414141364141414141414164414c435a493967396b36656957486c486d6e44316967394d69444762544b61547a6a51644b7a51515047494854795449626a7a446741414f41414141414141414141485141414141414141446f42656571616934744c7a4b6567627a7a547a544562546157416b5a6a6365616557514e4a36683642773863387330487548686d6f3859383041413441414141414141414141644a484467414141414141414f6c783039383945306b7a4559547a795239435a4342615a7a3043737a45795a49704d786b4d6839595a7967776c5a704e686e504c504b41414f41414141414141414141485352773441414141414141644c67614455656f416538596a4b59544f656957456a515969426361447a43777a6e54516559586b7977796b444f65775a44797a4f656f654f4144674141414141414141414f6b6a6877414141414141414668365a377055544e4a59566e436b34644f475969564767334851616a415a7a495a7930724b4373754f4759734e4a6a4e353668344a356f4277414141414141414141456a6f496741414141414148543044314431444b576d517a6c6859514b69386d57464a65615144476450544c7a796a4965655a695a4167534f456a556154336a55666e356d4f4134414141414141414141435230455141414141414143343955326e6f45444d5846774c434230796d556d624459566d4d754b694a655a6a5765575646426e496b515747347350545056504a504750494b676341414141414141414142496b6349674141414141456a686f4e523635704d70416b576c68496f496b795273496c3530704a486f4741383874496e53677a6d4d796b537775496e736d73345748674749784551414141414141414141435249454141414141415746356f4b5457616a51584652453045795255614373786c784978465a4d316d6b3345544d65635a793830474d7a474536534c6a61586e736c4238775a436767634141414141414141414f6e5470306741414141414143776b6254635a6a53586c683030476b7a6d59754c446855576e544b4377734c5451566c42354a55625445514d3545754c6a316a31436b38303877386767634141414141414141423034534a41674141414141435a303661696f39416f4a6d7334524e7063644f6d67345748547053435259566e6e4755466877724945434a57644a476b396b324759776e6c486b45546741414141414141414230365342414141414141414678704c6a63524d684d306e7048437739496f4f6e5373714b43307449464a535a796f4853525954496b6a415a6952367063524b7a797a4b5a434a7741414141414141414136644a4167414141414141644c7a3655796c68357863617a55524c775a796f754e5245714947556d576e447057524a467877696144575547513877754e4a724b547a44455a43414f4141414141414141414854704934524141414141414f6d302b6e4b447a434a30764e42457a465a63616a616154536553566d4d46686f4a457a51616934714a48433069596a797a535745436f34597a78544f44674141414141414141423036534f4551414141414144703652395155487a526561796f69634c6a65615457566e6e6d63345845694a754e5a704e426161695a53644a6b7a4365635943426c4d686b4d3557556c514f4141414141414141414853523034524141414141414f6e76473876506b4470744c446865544c69306b634257564734316d773941326d77764c43524567554668596551655765636561656559796769534d7877484141414141414141414470496b52496741414145694942303951326c6835424139454670724c43306b534f67476739493348704777764c41544b794255566c7841383038382b6550424b6a455a6a685764496734414141414141414141644a6e53427741414141414146353768674b79303247773941744c795a3034644a4678704e68724e5a704c4352456751496c5249764d78674d683838664e6c4a413834695149674841414141414141414144704d36514f414141414141416d6154306a49627a596567627977316b53524d485377744c7934744c67576e43427767566c35635a7a7a796b2b66506e4479437371496e4341427741414141414141414136544f6b44674141414141414f6d7769617a3649324773754c6a51644f466f424546704d6b58466f496b77534c4330734d52694d78344a344a354a6b4b69494b774467414141414141414142306d434a774141414141414668704a6d672b6e50514e524d344330754a48537345695a59644c41524a6e4453576c7063634d52694b44775435383867796c5a7736556e41634141414141414141414f6e5163414141414141414a476f744c7a365939453245534a4d744c535a4936524a4844684d3451426558466849754a6c5251514d353478387565535a796f36436769446741414141414141414141423041414141344164424d31457952394d653062695a773444704936514f676b544a464265644f477731486f6c6f50504d526e4d3535353871654d55454373744d7841346341414141414141414141414f67414841414141644f6d303047632b6d50664e7065634a45435230456a68773654496d6b314668724e4a4d6b566d6338386f49464267506d543538704b546875504f4d344f414141414141414141414148514467414141414249314678412b69506f44556244304455434a30754f4652454130456930754c545764496c526d4b436b79474d776e676e79706b4f465a39615848776877344141414141414141414141644277414141414148546163496e30423945625431546161533075494843526e496e43776d544f4773306d63776c425356455459566c423535354a386965635a6a576530657166424652774141414141414141414141414141414141416b62775a7a337a36633248706e72467030754249724b696767566e5451534b7a415a5479696f704f455453615470754d4a386f65535a6a307938336e7a4a3578774141414141414141414141414141414141413662435a6c506650726a306a5961435230744c434245714d3553566736597a4565555a53736d644d68414678374a394351506d6a3577796e30703742355a345a34687741414141414141414141414141414141414148726d73385139302b774e68515a5342306d5846784d6b566c4245724b547a6a4f656555457a6863576b695259656d6530626a794434637848325237783478386165616341414141414141414141414141414141414142656538654765796651465a6c4b696746423031476b316c787734564652515545444f65635648535259617a5765736538656f597a38365050505a507043382f4c794a77414141414141414141414141414141414141456a36553841393039732b58496e53594b795a61584777754f6c7057564652515a4449556c4a49326b54556244327a3344307a4d6642474d394139636f5067416341414141414141414141414141414141414141507054786a36492b67506c5373345a444f634f4670704e526361443167654f6565566e6e6c774f6e4431545965696244596144555648786835683961656f66496e78674f4141414141414141414141414141414141414148706b44365939732b62504e4d4230734d78306b514c793839382b724c6a35632b644d6841744e52734e68616154304461576e5470412b5a506e7a394a505a507834384548414141414141414141414141414141414141414459574831783670347834356b4b6a707769514f417650727a376376506d54356377456973744c793030486f6d34326c70456f4b7a353838452b3850525078777a4134414141414141414141414141414141414141416243382b6e50614d5a6b4d5a53644f6c5a6a49467063665548324a3642344238795a534a53514a6d67764c6a59625334714d70413845386b2b7350565079557941344141414141414141414141414141414141414161443369382b694f48444d596967365641744261653466596d30384d384d796b536f465a77744e42754a6b5373704b4478447a44377339452f4b447a4163414141414141414141414141414141414141414c443634786e307059534b436b724b79423030464a59657766566d6b3851386f724b6a705956464a306b574851514b7967386338732b7a50625079417a4134414141414141414141414141414141414141415450736a7844366b764c546855556e415846686d4948736e316874504e50414d4245306c344f6e43676955464a413451504c50484e3570506b514467414141414141414141414141414141414141427050746a34342b714e5230744245734a6c7045776d632b76507054314449664c6e7a3535523652364263524b6a4f566c4241714a6c52356835686d4d35534163414141414142304148414164427741414141414141416b66666e785a375a364249734c44536143306956486b48716e314a3770744d35344a656543664b48706e7045794a515a7a4d5a7952303830386767596a4f63414f4141414851634f673663414f4148514467414141414141414150584d70365a364a49754e42714c7977345a546839435450524e4a6d504f50554c6a344d7a6d77334670555a6a4d5a775a6a7a447a7a4d55464a774134414141644f413641416341414f6e414141414141414141447063617a327930477730467061564763336c786c4e524967564670516169343867306e6f465a51597a4d53505050494d3551564642774134414141414164414277414141366341414141414141414259616a3244575746686362435a51644a486b6d553346355165636553656b66656d347a486d6c786359544f554138303867704b436b7141427741414141413641634141414230344141414141414141435a4d39413959316b7930764a6c52734f487952354a45306b536b306e736e315a3668556565556e5373796b697338673838786c42575141427741414141414854683034414141644f41414141414141414136576c353742364a365a6f4d4a45744e706d5042504a4b5373734c4461656d626a5541556e5338776b7a4359444f655956465a774148414141414141414141446f4f48546741414141414141414f6e533439552b34503059724b6a354538416f4b696f3830724d5a4d314668734e42615745435a49734d356d4d78684d786b4b79733441446741414141423048414141435277484141414141414141414352596254394950734377316e447a6a3839504c4d70456b59434a764a467859624330704d5a77314751383836556d45417941414841414141446f4277414141414854674141414141414141414a47672b6a5072543641306e7047776f506a4438304a4767704f476f764f4635493838704a6b53346f4d4a616244776a306973386f41413441414164414f41414148546741414141414141414141414249734e5a3735394965716651486f467830384d2f4c7a7769386b524b696f67566c6830734c535251657766725236682b666e7977506a6a67427741414141414141485163414141414141414141414141414a467863656b6653483242374a6358677748356b66456b695263586c6849724b534a4548726e366565676549664e6d41396b786e3538566e414141414141416441427741414141414141414141414141467836686a4b79382b7350754432536f6f4e51506b6a346f6d644249345547597a6d636b666f52394f5954346b7a6d343348315a34352b6147416741414164414141414f41414141414141414141414141413048366d58486c6e78783552302b335072533077487048736d6b2b59507a5536644e5a4d6f4d4a6e4d5a37523934656d665048794a704e5a7550707a55576e784a386b65515667414851414144683041414841644f4141414141414141414139732f534455617a794434302b5a496e324a375a3635656567624453664a6e3575566d736d5a4367786b5437632b6f4c54787a3541754e527650664e7073504d50793474496b536f77465a576341414f6e414141414141414141414141414141657566636e746d776f5050506e44354d7a6e316837783742744c6a636254356b2f4b77514b77597a53666548734670302f4f79773047383977326d732b44506d43383661675641796d55776b5470773641644f41413441414141414141414141446f506350747a364d3455474d38452b53504f50727a335465626a63616a576559666a356d4a6c4a536651483270724234353875644e427350644e5253666d4a55586d673147596f4a456977695a796b6755464a7741413441644f414141414141414141485144316a394950514f6b6a41654f664b486b483168367076506150534e4a365a355a2b526e69465a412b3350707930774869486a45793831487347302b4150454c437731485447576c774e4a57644a6c4a496f494745796b41414470774141414141414141416b614451586e706e3268744a6c527738732b55504350707a307a32545565776573617a45666a35387744394650654c53732b5150464e4259626a317a7954346f69544e42306f4c69776b534f6b5330457a703069514b54415647596744707741414141414141414670764e5a4170496e70483068374a65614334776e676e7a687650525063506450524c69387a6e3471655166704a375249676646486c467063626a5966424751744c535a7767534f6d6b704d3563544c41534a467841456a6f4253566e7a344141414141414263616938734f67724b53424d2b784a6e714738326e7145444b55464a456d576e7046685962443430394d336d4573507a733838754c6a3044356b386736644e4a45714a46354d675a79776b644c79526552426151426351494634506a774141414141644e42764e42456b444f534b7973696350746a356f393039553967397339636b544d3567504c4d4a63656b5648726e70486d6c356a4b4438314d42704e4268506e5373744a467055644c437736596977314577576d6b714f6767576c70416b43737848676741414141754e68744c534a416b556b534a456756416d66556e6a6d512b67507154306a3254315330695a544d595445524c4457656d61434a45776e35695943346d664c6c5a49365848436b764c694253576d6f6d524e4a4d67576d55467059534967475974506c6741414470656569616a704534524b7a684536524b6942456b616a37493659447844336a366b3048726c704d714b675a6a4d43343346784936597a3836504a4c44785449534270496c4a615848544f576d387242704f6b535a6b4e4a59524f6b546853644f6d732b5041414f6d6f394d744f6e436f464a306951414f48415667735071443655334670694a6b4453614334744f465a615646686c4c434a704a6d672f4e6a777a796a4b634a47674642595845696b306d6769566d7334634a6c5259534f465a306b5a6a5155473476506a4144707350534c534a4534524a464a4534534b6a7059524b7a68776744327a36452b6e505550524d68386f597a616569586b536b734c7938704b6a4f634e52412b5050697a49435265644b535a65566b6a516153414a466841764d684d744f484470575a4455566d77326e6b6e7a344c4431545143414b79414f6e5470416757465a4536644277705061507154784437553945393467664e4868413248706c424569556d343147636f4d78456b664a6e78774c53776d554670704a6b6a685951496d7369644f6c524176496b6967734d785961434a7250464f486d47673963734b43423069634f674145515142306764496c686e507044366f79457a36516d534b44455a54706162434a776f4e4265566e6e6c526e496e7a35386d644c795a53544e5a61644c41556c52704a6c5a3069566c354934524f6738383955714e7034687732486c6e716e4373744b694a4967514a416b44704136534f464a57574843427550766a337a456565634a6d677442307a6c705956456a5152494759776d49696561664a466849704c6a57544b7a7049724c51544a6b436f69544c54686152494741754e7849387767625352416b524b6952456944683067644f6b77524f6b534a30724a454352412b785071443054796a786a636442365a4d6f496b6a6859524c434a515a6a43556d512b52496b4334306b53524936514946685943303456456977345645796f6d5944304330796d55336e446857534a46594a4136566b43424936644f48537769564851524f4169656f66646b5330796b4338794670365a57544f48535a306d634d7857597952685069436f314167544c446749466859574554706e496c684969435a45786c68734a486e6d67744a676f4f6b53424d6753496e5342413441435a59534948434a306963496e443777304741336c5a61544b4165696349456938734946686d4f6b43677948775a4969566c704d45535263634c5468496f49673653414f6777486f6e544f514e4a614367675242493453424d4652776756673453424d3643525743414f4874483052535a443169524d365142714b6a53584569733453494763724f4877786d4b6977734f673653496773414b43526144684969586d4547776f4d78704a6d67786e53423067534f4841634c79424569634f46514f45695a61524f67724f6b43523949586d63326d386b534c53737250514b7a53444b57476b786c4a6f496e352b594157456a70306b644f48537734554678496b534245744b7a7a4459534d7865534e4a777a477338736b4377724a4843594a4167566e534a45694470776b534249416765676573534f477330467849465a724c534a417649466855544f6d672f50547951534a6734644a6e4330754d78456d57676943776b5a444b6141554635734a4745326d4d7a6b67544f41416b524f6b79525363496b4468454843514a6e546f4e4a37674a456a5343386d576c68364245714a48436b744c794257664e487a705354494668306b57676d5545533469644f6734644a6d45734b694a4d3941366563656b5943736944704d3463424d69544f4145796b6964494134446877484352303666524670306b534c69776b5746686f4e52776d524f4652744947597a487a4a357855566c354934534f6b43736b576e533036556e433879474931454373326c68694c7973724e4a6b42776d43414a6b694a496d514f674843733663496b434a304844703030483052454670496d61435a4530416b576d6b345442684c795a5166476d6371424d4843524536534a6c6845714f6b69526a4b6a7049724e356c496c6845316c522f2f3851414a52414141774541416745454177454241514541414141414151494442414146456759524530415146464177465341482f396f41434145424141454341507044386e386a672f4753656951352b74376b6a6a3836374d37624d592f766e3853696a612b76795937716e545636504a32695a6e3949483072504c677766387a44674935315056626375654859595038782f50746b523450673643485635635a394c5a4d5756784c666d5454436d57744d65756666396431535a3848712f6f66534754396d6b775035772f492f496e2b4d7655597375423739486a46445a4f70377252324361394f65344b503172756d2f4b556430766d36505345374871747959346533344b2f774130666d464b792f5636726f384854446d4c5465576a6c396d58534c556c6b37526866545462317571547441372b6f3754513533517558787a78773758712b303674732f633477507467665479366344486b752f7939685377375448336c335a64574b324872753574706a74613779744f31744f693230366875367273645a644e65652f457230326e7545324a322f582f61483450305277536b6e5770584a4248362f516c75556644326b39756a724d3248523036594d6e56486f7134353977756650323739567077527a75526671483170754a79395062755a39774f36755074446734666f2f416b6f70694a643178586b6d6e7148394e61656754713439512f70365852447032776e424b487861674f78654762747447617352707761547257744f58746d31396c713275677031763242776350304279616466692f3547544d395a574c746c64713254554f367033703356326a746b3769446a477652766930593953566c6f7a5a2b7930636b4863744b78354a796d30645a48736b375766317877635030414d5565756b6c616f635230553377375a6e613658544d6d4f372f7579334a74486176766674342b6f5232386a6f784d4e575a485a624b44516771484f664a302f56366561515239636350304d3679454f4d716e653870424471456d643939644a4575716e3179616146616a50667246346331657631795777656b61456338794d2b633549506b476a56737a61327350726a682f32436a69547a48395a613662474571785532764949414a6f6956707154545678524c6a446f3634597150445a473975743152726c49484a385453764d536139474f463037666a346d503168772f7743737053695a5735685435695a466a46455047722b3341364b44644c746e536d5950505250566d304f55367252674b626b36337445642b587a454a78457a3879326d3855376274646e5a6b566c3951634842772f372b38686e76666e797961504747664f6e4339387964642b6e2b7353654a57714872567843307578667459397735726c32354d31645647342f475433546b6a697a6e4963632b61306450716a67346639664153426f46413063383064326e6e6a443950345a35786a584e2b68434e4a747874716432657870727056324e6b31544f674261426735684d746c58435456744674335939792f774255666763502b38355048457234396166496c4a434f576e496d55613445793170625368732b6669344836676453324b2f437a32434252564d6b7332727262524955353039692b6a517872735a7671443844682f3248496b5a75327a6e61756175627253372b3870465337557a3768326239716d6d7567474e567565792f654e69506a6e6d4d31684845687044564268464a5a6866536c373645632f5648427763502b785872687a31466d424c79354743376e3746394b704c426c3668657054707a673035546574316634597163795935356b77567a44727a6a475a383170556c65475450636a532b6d756e5a7031503841564842776350384173703632665355333568526b587332486e424a7048516e596a7472643358733337464e365630434d70776c6d6e6c6e6a6c67686b664d6d635353483656706155746c5561584e686f714a365862366f344f44682f32484f6835444432686f556561423052555761535257416959566949357378785a2b726a3138634573677a484e384c787041356f5a7254756d7165743270616c587134703745665648422b472f77416d58386f6373766c485a396a504d714a385538307379522f58456d69492f456d5358585a636b38554d365a6b7a4c6e2b495349494b2f456f736c35615537424b556d484a4134334366716a672f446637356a486655732b46416d6250504f496a4b4d7a5a7667575377544e4b555a7a56456e52573877367451303454376a6d683266554e5337552b59796468782f726a672f4466376f635774796e446d7a3538306c6e4b5530634a4d5345776e696b78795a576f73745a67757a7451554c7a486e576d6736756275626c626e762b472b754f44384e2f75426b6a6e475649546a43635a42555550784542586a6338554b4f4b6549416d6c7966507a63795043625051362b626874355a48422f422b754f4438482f64414c7163764d426a49497641364d4b63414532645734484139785272446930383549716f464c76594d7452764f336c673335504439596338764c2f64446a4e457a5031687a447864524e456a4877546864537a462f49757744655959454f4e49307a5152736a466e707a7375624872787752774a2f496b597537353236683543612f4438614433516a6844724d2b5a6158433342466849706768314d3570466c32632b4f67616d3164365734773457514f70582b4c37413559734a633663784d334c6f35547a52504170385a7a42416e782f4850454f766c6756416769555a3636644e7947517a7576625332736e4b7a45384f54566e2f6a7277564e553530786b3676424a54384b5954696e4a7546446e474d3435596b484a6c555149677a4d483537506d4761795854536e617a3249334b5552505446505775416a2b4d4f546e53616e706970694d53496b3056514371385a435059685852672f4978585262735038417156374e4f3672336365336c324b32316c75625a396c4d6a6d635431395853366678677553626b48706a6c45686d65444d6b5a2b4874344f576f58652f7743774e456e2f41475733333757335a614f7766744533556557386235376e332b57684f356979466373644f586f71642f4c2b4d446d4e7063364135317979694133376e3734324a7461363662562b64394a754c747530396e58737448616e74553749647166554a374557447054726e5576507634755a70307554626736756671332b5236655063543976546f7a3358626265335a4a32626467765a4a334b396f4e2f377261583050647454364b33746f72594434663135754b42687959774e436970333258595a4e30656c5854503668722f4142386464647766547874522b787432673047747477336a56445a4c5a44562b794b7656374e576e486e384f6a5a572f786647496f6d66516a594f5a426e48614a3273704c676271716570486f33386444706d362b6e523230532f676d595a7631763130696b35444f666b464f4f486433657439437a6374565853456b6c5050444c5043427a647a764a644a48626e36745058462f77435431373054307a4c594e63553558545458386e6b4b53736d75647861484d32617558576a31705674454e4678385359317952785178787954686e523359642f4c726e33513654442f39465038414a364f397a36616e7347784b4f37514775637337356f753173397031366c4d4762566d3761476d52515a5a35705a6f526a4e5568795353525a7846532f50554959656c7356453959612f3550566c4236594f67614a614d6235446c2b4b4f656d6639663442504e506f59396444546d37625073796a4d637769694b56354b4f576355516c4341395737506d686652576e764e65342f77416e716556546f4b5635564c52726e436646384e6b5a466732584c6d366d66574c524f326c736930526e706d475a4a4a4b492b574a6e7a35726d6a32665a514830324e43396d6e386e452f716a5030443856476d30365a7a466b6250384144504d3838383843345435647679733654574b5461506844674d6a4a797770523630656d303050515a704831482f4b687a766a3039433878524b71564b4d675149456f6b45784441315532385930575938476a575078766d4b4b51336d6138707a736553506f33732b3030646a582b544562705961796447446f57444945574b7843556d4467547230716d764e6f443053736e6d6e7330424b6d6833713563754859646e774e306c2b3837372b566735767a526649346635556635563534546e78307653644f6e7a5a386f68746a3275595a4458485a474b636f4e456d4c76376c7661777457354e71562f6c4963476b633672517a4c5243456d7148325956667358363371634534386d2b796d34346f2b712b6a7a746e76462f594c5248536749516557797a30334f2f472f324833756d37433436796763636d3832516f77447463394c6c3742734e3865312b797274316165747274727278494d315563697648464133346f2b71326c6e3558682f324835483278784879504e2b4c794a52772f6d376e6e577632476e5075485a6e6662634f7748634876734c61634e733261737a5648466743583150725a2b4575355030422f6950706f63776c5a43424d524b456d7a356b3044527654745a61563076625632744e5857503177397235375468522b6143585a5376597655655234666f4438442f456654557a474f73473851366c583831575361423276486f6a70324664614a445031716464784e4674576a53484c585943693065764844733347503268394d6355774f476b6a6a364f33706b6f787a7172614c365574476b677051545673777a586266382b686767436d374c53314b76656c65486a483634353763483078786552356c74364e36716338307476553970365630752b6d37674f315948694b38744c51356c716c415a6b37416730624b726254523371395850472b7a372f57546b57394f623876595a395171773754706537394e6b61376f757053674565613559654e4764615051744b56692f59556c5933383776434f2b50763841614831527962394e71776163327557724d516c633371623066737a4b616e52484e464564474d644e6e746f54536d6e7a625273716a5a4d32766f33353038752f542b674f4959567739706a374c446f7a615a31563335334853642f3664476e3971646a7162736d375439344941585a703172572b7230703661366a4154362f3950596f3972307a442b67764a55576d54737575375472645533563563727a586a395765692f42534d79595269475839656b536e6835752f70377165727a4e66747537323935446e536e31523656724c2b666e685030396f7a65576654305865594e304830622f384172697a7a39512b6c4b5a676f55544d2f414c5a4b6a337a7836574f64392b6e66736b2f4f714d2b642f77436d4f333666342f3841325034754c4c304870366d5473756d375070464d37656e4f387964726669766b706d7142366f394e3363324649306f31464e71636f50542b58713542653774716549694d4279474458792b70665332334857662f414a482f414a392f762b6b7a6d325254342b78783976306d6a4a6c30344f79786472423053466b64583959656c344a42343130736c5757727750547879476c75316b345553664d637a784d6d395961714e4a502b57452b4c546c454350346e706e626870317a6c71706f78646e31752f426a3164647478566c51556c6f6a56443673394b577a54745233635063644a487238325a4754737337424f52354535544a73353962396f537246556f79496a7330375943763845666a702b33367a734955666c44737a396a3133593962433355647044624c564369556d304839532b6d4f7936394f4f664b712b6c632b61614457503364455a386d4d2f4a38513937327439493478777a725035715769343472557a50317264572f57557938392f66332b7950774f6454326e5339685276494c727a624d486164584a2b70374b5638327648574e34504a2f555053643730664b433439505a6f49307250334c306f6e45356935457133715873795a6c455450596c4a4a7a7945446f6d485434766a47616e555636786b2f386a3667354c456d4e55366a5a683762506f6f7a46736d2f72657a36634c31335952706d307a31346553565537627176553370716c63764f6c6c4e4662526d39537a586b787a49734f657165315a6c42454135446f3832666b307476793872544c4f717141696d36306858445872586e2b42394f556375634f7a6b6c384f7a72375a7441624f7a7a303962325051487034586c6241756130585452505432574c3170365136475855425a2f433439544f67566f637a63306139326b4f686d504f6c705538674a692b69514c682f4d4e4c684555314e4344542b4d716d64384936722f6557644d4b5a544e4a65544d41375a6e664c6d307830354b5a37516a58472f5548706a316a4a38762f54687039343653683945594f7666723265722b705168564535446e663841596c31484a7a63446756655357747977423469694b6f7142684656446962703449714a56503941493434344376753051784c416351636d38653268323258546e30597a6d30533534474e6f587a62493047527a706b2b437131333958697276517939526d596d7944756437755078424137304248427a53336e4a5a7a484a6d61664346595730494a6f455468444b6157662f4b57655058706a6b7a32423933743774786e4a3537515273327a7273326e72392f57336a6f7937666c6e642b5665737a6a726e42674d7a7863314c36456f2f71576174506c3957693449414374522f4361424c75436d664a6e5a684b63367537424e44536d4f653742797a6d6c6d7a35763849354d324a59717238396e663566507a4e4f652f4850743149456a6732644e62712b673379356b61653861686433466939592b416a4a343046766b6b2b6a503676433865327656354b716a7765766e4b537258534447636f316159514f364852667a7a7141774450704c68616e4e4d502f7743514959593441344c487a536a76356b2b35623335374c796e504b6239567478557a356a314c2b6d494239556270705277394f5161303044715754514853777048523630517673324630484970596b78524f4e54325349577455354d42316d476269704a334e43764c504a3576357a524a662b4d6543554763566268636338475138436542434c344d6a635364554244345a395a6f774e6b6f71626375394a504858476a632b59304769653333634d6c4857337970703959303161435642454a755478414172636848784e51465166697072544a4f6e4561315049312f59694e464d6b6e7254562b4a5479595153665a754d533638387937454265423671764252774b457166533356396c484858714c4963314e6475307a4e4f597932465761543050686c715872796c62744851317657546b6a38516c5370655551556b4a4b67663567736977446e5251534e48576f5a565674646355476672355830616455527a4e6c6a4e6e38794133794d796f7742536a4953515642494344675a3359656e7259343970307652626e724c6266574b614a434a6a46777a6f334b506d667973766e526e646e39596b4143535571375a35434b4b696556485a32584f2f7963593059504f50782b4b7571306566497558656d76566e7a42736557536b2b5a4e43786d377357397946496678446c7076586a454251615550553236693852763633566f477156563049355149346e51384a564a6363507933486539494e3675547757624d524b4d5a6559627a2b5269685a70476c4f65644b523444344b47304274445a456138453744586b677941497138646c424c3843653444426c392f50793875435a5163386a79626b675166704e693642587338714e462f65576e50597455546c52305942796e4b4e56614c6555553957534165674d5a4467666e676a3050684a527763522f32525772536433387a62356231563454524f783035596f5835346552556f797a506b4f4d6666773455514868344f454538396c34565a416e6a302b6e50532b326536776c784379353949302b36305970774a4f66473537306c5a456a3353564b6f6d5a6e356d52774663497169635041454f65653564475a32416a496158786f6178656a6749555168754957506b716b422b4b447a795a6b4c6c57526b734c6b41652f50446e736a394e71317048514b656145745a5933476c584e566562385378656a5370516739744d6f46656f434b43585530344f49512f753147347852465258595472375051484d6c333331797a2b43596f376c33484176786b7a4934615344386443704a4149634d6a682b4f76734f4d414b63395062496164715a744b426565344c704e31506a46436646694743486d71324e394930426e354e53545575726c4764536e5064754d664b59446579634a51366134594e51564155677452366961304f674833596879796858385742464538434152774f57566951766933343970506b7362446d5338724670635530453941424d69372b3843445131475758593539616e694653483468425a77306e4c6b4168476d435869684d303056666d64574e4f516d524f4e365a2b657849436e7a4465773535446a427541454146434735376d71734844412b35415a6a3162437271424a7870464454794b596e4d417643714a4973416948567a746f4e4d4b7646506c374b6f4157532b464a685a6f4d37536f774354546c365a306336486b34356d53326858574e36422b41446e6b5855676856554146515534667765456577495a65426a77426831704d6c65664a4f424e6b636146624e514d555a4a4f56344b655571446e6435727948444d4949424a6f7270786e484b636d414642355a307051767a547a4a7a79732b644952374336736b396d694b384243657a447a56792f76354b5376736763657a63432b4a54784a39775166645838757232555141704f6f4a64416a664c477976526c63386f6963696c576f686a32325170566c5a5844426c4a42637369496b45514d716c5743364f45574b49546d5a337163304e463453344f416b54347a4d33506b565063634844785365655250747745672f6e32484277484670527979384a525552484a38637448644e4532545253306e72536c6b644a646c6b335a77796f4f4243675671414b674d7546363251696b336f624e6c466678454b4c32676d6e546e6768592f77442f784142434541454141514d4441674d464341454441674d484251414241674144455249684d5152424531466842534a78676145514d6b4a516b6248423052516a557546693843416b514255774e484b436f7645474a544e5459502f6141416742415141445077442f414e586275395661743370734c5535424b52324b656e76584c4d784a77644d68374a396c38744e753562596f61344b636a3556687956764d4f4a47667338575069423778392f3841757064546563525a57375557356339496e4e4e793479655a4e58756a4c4464414c317375775235482f77447755376b6f6b444c4e7848317164693853444537637545376a33717831665166352f5142454262746c64342f44304b76395247643278625a6c72445052756e726a7971462b482b545a6741346a646848384d2f547948743879727674587062562f70732b4d474a6c33624a326331315053366e7169634d4f4168426d763662563148732b7957375073793851376c3248754b2f3841536d4b39686531624d6c365735306e55726d62616d704666523756627547656b36345a776675544b3632355a5a3243467963464a57683937617572364871346c376f37693577776e42435a334b733266595858332b69765374585755424a2f67786e47665257702b3249536e6574322b6e36336438574946713738636244366c582b763661393748366d4461366e6f3175575758415335686e79646b70696f694a732f596530375543335052634c786175504f4358334a664456733164364c7137765458676a6474535953423453703954505262777a654972686c36465051777377765478314d68626c6c4d4e6f374436764f507a747758656e7a64737932454e34766b2b7454366271495337323334563048746534523630624e366530657074426c2f2b65486439537576396d586d345869646c346e6167334979505042585232656f6a317652587a703562694e6963445066487036563056322f4c784c50547a684b4b654c5a6c7668382f5044582b477a75644a666e62457954744c39633756375474797739564d774a4345344350727458584249757064744d6354497849564d684668636c456c327577796653696569634a34756e2b315358797a7a384d31643658715a7976775a77756f4e79504a49376e6c4c307134336d567671634b474a4439373066576f527653365a414c323536794f54356c575977537a6d7a6369346e474f3533376556544c46387433425732456272486532694f547a4372396e7166386e776b68664e61473453372f4c797270627a437a317675576c39793935656b76522b6c6456374639736b3756334e6b63546d662f774262777678382f4d7036724874586f2f663855475964355558766170666c416e613665314b366b2b4d68672b7155653272303750567a4471316642764843396f53394f7739716e617553747a69786e467769634a537544383157307a4e794c68507436337137506a574c444f31777076697573396d34366d3058345434516753452b4863726f2f624d6276546456447062737a65334b66754d487979597a6e317270656b6c376c363930393966755a4c672f7146524c4f487256496d47314f7874394f4b747071737a74726e4d6c6c782f7a55376477366c5a6b307a347473456c38553261754d39457774795a6162636c5043563766394f6630714d4c6d696348703739726d467050314976384147616831594d62735a4841796b6e367078387974643574765633374d75625a63342b542b7458345772544f554f71747553636f4249583450396c6444316c7964747847636f365853593266527a543046786b654b78654a32586a346e70364c5856494d4a77367145584a6568484679326e2b347133314d496150647638736545394b6a31424e677a743334375369626a7a327036615572647a657a6432504b4c7a2b6e632b6457496b704e74496a6c6e61516e48356e386c462f7035454f724c303475624e325a3455342b635a59325431713530304c767337716873784855444453783963656d3346526248573257454f6d366d5535574c303755423249354a37636a714b3676326231454c6434416d2b356448334a656f312f6e3945645a783156704c642f3154695455623070364963776b4233684d462f7744416a682f4d53334d5a47594a6952356c654650503334533458762f7a5537677a73446369636765386645727137746c6e41765762356c5045744a4650535664576a5071756f767a3949777a463964525856394a4b63464a32755878514d66753035744e364d656f3662757a7736457a776e6230635551744c626a6469347a4674584f5430387970326d4d4763465935435a705850307a5855394a4a5562524c736e757a71367957466b49794d534a7675795069315a36717a447075736263375564726332597a74665076477570396c586464736273417954744b69664534714858394f576939426d4f384c706a6634316473544a4771326a67462f377a2b39644a31397338574d32593754736d6d63483456316c676e457652363677626d6f784d2b4a7950714e644637574a6c734964627a455876364a767655756d76336246327954357a475a7a6a7565766e526473654e5975734c6b4e34713550686d705843466e71445376756b6c32662f414d4f4b694c3033565359546a6e457739346535366c5273586d355a6676356b537444706d66384156442b597458657073746856757733683334375a39537647396b536e4341334e3477302f656c6a4744356356613633706d462b49776c6d4e32314d346b6353504a776d616569367935307479524f33666a70684e346c6a732b7058546450315a634a786b613853747a2b38664271777974336264306b58484f38644a366e705855657a373743647462613568507449654b757774654c4b43514a4d4d762b3437564c7047786b4d58624562686a756267316b5838777564504e5961456b59536352452b64644c316562632b6c75696e466f574c2f41434e645a3045325852576d494845426b6d504d647975706e4168645a3362693449544466355972704c38302f7742547035386137556d4e64565a7a6a727033595334626e7650394e645659752b4e447731345a516a732f4b676b654e6243443369376670566e724944416a636766694f59316f57325474774a63516d5a6850396539644a66556e4236653664347533364e6458304a71684f4e3679385367314f796c746b776d62432f733130765551664673526a656a7a4b42706c54626757707a626c724833753866695662416e4b4a4f7a4c435862626c2f35716655706374585933596a6d4d342f66483431416c432f6347462f694e3630615a696470646e486351617564665a7a63786476434c647376766b6a756a332f667a4772316d426446456346367a74395033456f7562584d536b7557596657703531695a6c76384a4866396d726f453458574864676e754c353471792b307246366343797a2f414e4b36386d2f66656a702b7175325344614a7a316b5467315a48482f7742523953692f30316d355a597a6d76492b2f714e762b796d394b34572f395341346d4476464f4e716b337453614c734854716b6476584e453458756d6e504c4c4572546e4a724f337a4b366272665a7061366b3175736a4d65646a335835556a3166525a553652696b6e6d617676792b616a56756437324634674e755668745036794b6c374f384b334c4379793550792b426e5863423867314e575a7a34757969633846657a526964524f2b5a346a4f6533307178444e7930687874434c467a3653713163754869573746326341535679376962387a79727052596c71785a7576344a77482f414f3471485435684f4d41667773644a56674d6e546b56346c42714d636b4d6e6f7971665333796556446d72505832324f6b6d384d586e35563163494c62745870322b574f6c66303836396f77332f78756f5965553765437648743635577238553453336c6a5551384f642f71435a39786c5977782b7646495965724a4842376d6c6a384d2f745855417654336f2b49767652446166364c5874483265797651313270686d57676b44563237616266573253635a633341776964397175544e66513369374b4f3542517548772f77427856705a32757373516850476d544b4f35386173584f735a325a5759456a4d43346137612f4c7a7163435266396d4378356e304d2f3367352f597131502f774345366f752b64715a6f75666f3750796153354b456868506845782b74586573396a6450314b3436766f4a6b4c76446d33362f494b54326a4777524870377477395154385a2f4e614c7a4b5a456d7553364f535878706e4968314673684e4d5163756850346f75796732424c65316f316e4d672f34537643362b567562715a2b37382f7743364871496452777a684f7a632b57557068306e73664f3034454270366e2f4875504a42692b616a2b58513069583753766265704734326e34794b757a4351546d7834434753704d334562306b32474a6771584d37424266784b76383148774a796873384b4f35563053325476544f414d723871756c6d4a4f634a327538656f516668765873323435684f4d4d79347479536934704471674f444a4a72712b6d55747a364b66723475583947766247524c563139594f4b3971544d546e5974794f3837353953757449457a722b6b672b6c35503472725959583268426653365037347232786f6b775334486c505038563754797777487043366e30715675426336715a5958596b336d50376a5855514e58532b3362555053643676616c324738656c366f3779737a69723871367a6f352b39596c414e384e76697258744b4a5a367977587078326a64673475487a7271656c684a3661352f6b645033686a45342f474e52574a6569335947784c55786e443453727076614d63776c436333756843346648744b757336573945756a4d6a397961372f5839713848716d3852626479555355346e4536496530624677307853364d6f64742b395176577045346b725846774f59506e582b506530584d58625362507055374e7a54444943544d634c356c61756f6e63796d7633364f70396e54737a5973386b6c6b3839386e79476e71634b6a7052506d55734c597170582b6e4a42567164726f4162515864506a335a7634492f686a3855632f4d2f4c476267516f56646d5a394434566676574e4d3149796a795445506b562f6a52594757554e6d6359316432434679364c6741785430796b693254647445595a2f56727265727461433963737754654e7049457365626d70327a564345464f42745a6631476945557532656d757a545a484554342b62384b767a6762577649744633335375733663435067524f3741577232637a685a6e492f3330334d457767642f43714d6a56432f6f6b6479792f5646723269757657585976446a493137517370496e64744765594c477661642b5876327039546e754d763472724c30466e303356576c334a4c476630635631546357505578747a6530724a2b316454634e63374e75467737394f6e3167342b6a58744b785a45753951687a4355645a39647972643959332b6b49544f4c74735950364e58656c59545a613762393075726d4f502b6f337131656b53757830584a667250356d30766f31633663626c6c6b32682b6348796179366234505a6b673550557130456d326e687645457a482f414971576f5243634f787849706a666c4f4469542b6b716a656849444448336d506c3850536c67325a726a6d4c354e50666b617a624f58546b6f75587057754667507a78577765565174735336476b6a347435386f636b506e6a657272374a74394c4c667276614631763366535034597457756b76505357574d7644326e63377a66362f4b6c6347363161697a5a3345413359642f51713943556f773051316267596c74356564582b6e306946776549794e6a3631666e65544e75413735544c48363162625379767a6e6a646c4f573330713162482f4874536e70356b37372f414171374469636838694f396458666732494c713966782b69313159662b5a74576f4f4f626a2f46644d515366557370655671322f7741314b38762b5061764b647953663856656d4d727653334a5365366e386c574247354331424f3037304d3161366641585932733861542b71425044362f7149534f566a2b3164626357454f766c646c45343731375574773158497a776e4c49507058577a6768636e414f37597a5858543576733865646d4a2b355857774630594475322f367232676f5169735474484f4b367271594565707358434a3358555662767738436475435351486847724e7535496846676a68696350796177594569782f37782f7876384b304f59783072324f48345532355a4f4774456f7a6a7447584661334d4d72536d6f63536a524d4a426956616d735278775a6f62684b523650714648577a75617245707a6944474d546e6172586936674f6f425a336c347a4879383938656c644c3064692f3133573952614f74753467533549423269666939616939524f5672564d5862556276716c4d56455250796e4d785546347132334c6347323542346c674b59586377764b6a6e53625648524667794976345466313756416c6e2f4142373668764a635558794e72564b45475272446453756e49455958356848596a453930506e5853514975476137367056616d74754e324d53585969685630314e6d3164644a6b534750726e4664526255366b745144316a2f41315930596230524f4972636c2b77465737686f74337251766e422f6d756f464953676a777743756f767731335763783751686c72776665505a6c7936647058742f6f344b367a476b36647477387265496e2f414e754b36384e5a306b453962624c39354e65307033565135343848542b7858745363323464616b5934784763766f6d4b756c337844714669384559692f5846614d572b70744e7948427275516a4f50772f71756c6e62384b7a4d6e486b74535456483465667757724d316245324e2b4c46435870796565665369353054314437743759556663653250367138536e62784c584849776e7a48487252754d7a77336c54592b5879394b747a336a636a36415038414e53674d486358687262564773717a77353257736247355633714c68433143553576597178306e2f414d5665313365316d796a2b737533364e533675385772566d31616877346a715139567a5632615762557a77356d626b2b506c554f69366336627077626f61676c327a2b4f66384142586a735048684b39635a684d376d65326136694377366464354f75355a4e46764a324538764e704a757165755864352b76354f6f7942513566736e41314b524775786d4938687930644c4a52496b7675495a5a486e762f4145314f4672495357582b39342b56584a3273546a716b79774556616c68757467524d5343514d57724e7530784c49486e4f34667855627733572f30396f4838597a58345643323574583841344a4d4658394442544b477535636c5055354a51635031724377506145344f4f4a642f3072727266485653596e6652475665306c482f49747a48744f336972797264767755346a5a3663792f4e4e71757867454c4576566d4d76327858574c6e4f6b4f304c4553726b7867653079467a5a497959672f6f566668416c472b39536e613164422f69756e6e7664743952426559334a7348396547756c365a4c6a302f564e7152784d5a6b6a34787270666148535162486758724363716c302b506e52426c626a647358546c74334a4d5a666f3162684e5779776e324c643748373164694d626c725662444447374d3142364e57356b37633175776b4d584945342f487a2b4e644e657a5936676933596d6b76484d7a737453746a4b477137446b596a2b6e78713873504473535063772b37763335712f44444f334d706931484c79484a517879346450317163445246305164324a772f476d354a58377935553730514a57344c416b48694a3339502b4b656e73524c5742684d52582f764e54494639684a315379546b63794f5a5077344b58706d78616a4f637275326d477a4a664f5859383676645465683076535a75324c5a706a43304c484a79314b7a4265707a424f4941712f77554d6e42673748354c3469424f4566575469744c6b366d794c327975665469756730356e4f635a48614563785835373161776b4c3870393345454b397952486c4f7855356449535a755979545436664f6f74694570516c4f45343546636d4f4f436f7a6777674559386a5045543555543932614f6639706d756d74535756316c4b52686a4f422f7a56734d466d30656d757265566e30305565554a5a2b6a5679442f7058343277356a505535717a4a59583451584f38744761745a5a325a3950726677786952712b5379546a42786847774a553454536668585237516a6f663261737a7965506573766c4b426a365650716f4a2f6b6b7a6d4b4a6a34624e586257527479672b656d5a542f2b582b36764161626a67357271426b463049482b30782b3158696571643076516837794a3738666739366831496635485453753230326d52316673354b743342683076556c3250426175636e705679774f49585965556f536348726a63713458686d57357a6763536a6f6c394b455a78794d655233542b367651673257374d68772b63613854714c6475636f3349546d514c72486547664f70776b734c326e546d4d347238717654677a466d484d5a622f414b554b6d4e4c57493172324d72355552637267704d696f52636c4d37735a4b354461506c55706149733451686242773731623653314b45496c36636e437a4349656d3164596e68526e34554f635776634b36727144577479344c704d71352b46547379307a69776c355035504c7651724b5644636847356b74353350376f747876572f4a3253726a624746304c636e4c4655422b4e51686c6d516b3437724a6174584e4e7a466f35456e4c47506c567243462b4546326445422f6175686b73573964626b75445348393130566830525977652b5a4f667255554d5852676d535545512b4a7a54634d783671784d66542b36767a63796242454f564b6d51413637706b4f385a5332713943474471374d2f56756266584e5734653731456568756d4f597150375630553852674e74506d5568345a31556f7035745835326c6e6c4f3032416e367871374e474537537633635477532f5775717375586f4a797a2b4b4d56507056794672544c4547546c69324d4f61366933496e4363636e4470467139636869646d4e33516378686f6c477045433331437554616134613647394e6831444766597973482b71366133637a43594d6531336d58782f7570777a6474797a68774a4c38506b34715674314842336553726479374c716f5233756d7044732f697a55515a526c72486d4a795643594c37326469557a336a2b36304c6b78584453757156596e4e4f454b6b7769692b4c64634551344b384b44487855486d527a3961365470777658756e4c6f63527654352b4a35563076564e322b3947654547307359312b6b547972326a314c46753234394c62496537454e45512b42576d616367387533354c4a344d314c7545543161674f584d6d726337366952747a784c344c556d57414670765749494869784445764e50374b5a776a616e4247327142367056324148677358737a6a585561637a54484345536f51676b42586c5a74584c6a694f7048793471634934757a6c7037524865756e6d354c642b6164327a6e363163746e757759442b4a747458627936657349687947637458726531306a4d3749796a4c2f414a71336355754d55506d2f7858544c69334f555430582b4d314f786d436c3779795650475a644a61527146744a466f684937786c6a39716a42786d513970467a65693061476431692b6b4839735643526d4874435236546452585578475579314b456a61554c65632f4b6f584d7967436e4c614554354e53637575637834316d457153366267532b4a6d6d6350446c41434f3444555a5378436559793569374c2f644c6377736c6967446b785677526a71684963786b63556d4a345972736e6b2b6c53444c70537049366a6a733143655a7a7951503158794b573437414a74454f436d556d54786970787a4e55487651476f6d4d6e6d527439614c696b4961356e5a564834314c705a3675713667357a3456715062797135316c7a454c55394274456c4e663278546c5a624c2b54736f4c68616c633653467941366f65374d2f6d737947514d304139527142447148636c6149534977727072397876776d524a7570636266436948756c2b544571624d6a625a4b316375497a413957483966383053686d6437423552676c654772626770486e785a4a6e3546457a445a7575653546302f5671793238796b516c334355542b36364a6b734f737563634d527133346549582b71757848655549367a356a6e46454a782f306937414d49782f722f696f7a43467548536e704b4455495a6c4c707263346d37705a62563065475230626e30754e644777697a74365358474c36667856693472616d7a48742f6b5a6f5253456b39526c2b31434c616d77664c524f72317053643459353449342f65676a7a6d51386e393172456d79463463316449614a36626c754f777650363162595a7475486a544c6e35656464544459744c4635582b364a476d2f4349634b533155734a4d45755731356a4c4c46396175796e474242546730376a2f414d30327a5549776677543259317074776e45794f7a6834536e5a374844523936526c477264794759536b534f597458346538323150504455704f4450786b305772626d6153386a62507a72564e75334c555135317a4766364778556a6132754f7a4c422b6762464d316c4a5665562f4a32456f546a39364b4e5174796a63646f39556f50614f6f342f556f3661455345384d4569707a6b6a5672715275774a446474784c7354686e483856527657325a5054456e6d517a486e3456306c7374796e636c6d5a6e54434733317270376430384f4a7a6a564e334d3762564f7a4c7735536c6d4f79786a563653364a4d423964366d6d47374e5436563030494a64765344674d4c5873306767546e503147756e6d42347a424f41677638303244454c3837676368424b755467345248694e79325a506e5574435473786e48684a78322f56727035534a513661424c7a684a4b544a4f556f5a2f44504576347139415a32697a64684c6d41667556303662776c596e35785650303756315973756e756c33482b7935762b6a58574573547a46395a492f53756f544532526e7a6c55356d426a5631556c6f6c367361484771327758755332666b317239304644636359713562456379504b54555a3547656e34482f4e52456c432f456b664a2b74586f577045355331794e4a49616e4131525644645233727849536b416a334f3736314b334a59436e654c55623257455a5a4f5970765572613344637871797458346b596b70736339337456326536516c453354535361737a58565a59396952322f2b6c712f4d626b626e69322b382f7743366e735431665038414a304d31616b7a4c733068734f447a617a3062433461534c6d5a7952546d523649445576424f70684d5a57394b707737504e66347a44713765504175754742393334667555323731307352637a334235505461723177684630734353346b6365645247544f374559396956517763336364672f6d706d533361747739567a58565451386651564f65374f556c37746454633374325a6f64394e5837736a574964776774535075577572757a3867497871394d682f6b5757325a34694f61495a384931707834734a2f763372716c5a543657784d486d4674507258555744535747423679316e31713675702b6c76545250384a4e345a4e616a494236777159596e4f553438596b45715a5a4746496d58474b6e47514836685249692f72576b41686e7549564d544f6d4e4a5064436f6b6e4d5a4a336b55454d5156376731475758547855595332554770573366452f4d5373724d306b7a596f6c43576e4d4c326c6a4c5045762b616777305469776e446d4a7455434f4a6b5a6e4979644e5730392b4673442f6536715945574759446c4666642b6c45702f6453586645736e792f4a307147626c7a50754d557836383471485532444364344d65306f7661763841477352473470482f41456270486d554f337a4446537352755734584247574a52654a486e6870677776775158643062615776476757353232467a2f66474f535879713165645545316e594d66567135455946764130672b376a4e57594f6269722f746956594162646933425078336c552b4155776b6b2b70767a486b4936592f33566f4452467553653164616a34634e4236792f67537661504a66596573444664664e664536752f4e395a31654631584a2f4b545464797335692b626d70456d4c63554e6b6178337259434659636f6c4b4c54735957744d7152634b2b695579686c69767156466a756f6e444d7149594d466432493755516779496a584a4b6e4347326d677a4f4b347a79756532614947535356685279703361626f786352766d305a66373864766a574a5955567155316c4255377838717557686771776c794e516d6664307a394f48386f36613547566d3845626a76465861586f2f77414e582b6e754e7a70306c4f4c6c74397273665431724d57627157554d45736334382f682f5a5775394a7879314d4e6c4d30774d545661355142616335564475464d4544474f59766e51386a5348646165534a4a4b6b6d41443455504f6356454b51775943704c7369486d557536557a6b7664616c354c5571376f7058634b6846564b676c52674a7a6968306f67636955595161696837674c556f4746564f4d3149672b364b63744c6b544b314c6e684b77594d686a47527155564844556c546e734e4d6c6a79523730546370373364382f5770446b556b5558334267756359652f7770696f35452f4932494b6a2f77434269694b4a5565703936314b4a664e3248424a3950577574684573796b7875446b6b754f5058746a66657274324868583075776a4c655161662f7150576f513675546256684c656d632f6f55454132636431785334773277657730794b596d44636f65544232725873556759554b6a4a466a5551326971314a3241436d6444686350725242776768514f715a554238313548616744414b307278676f674f5571454b44614641344b586b49316c534d6858307069373466517255695a795646346561784245617a62435268344672334849694b6d4f395a465648687163354d7677774d763856746f686d544c756678575254672b7a4457726e386f7779416c6e6b5138716e31634764304a6c744355517a69506235465468634c68505861454755486b615a6b376330574f30576f677a6b6a324374526d68776f6a35555269354b6a4f414a47454a624c6a643943704f306f68442f414c2f53734f415572416f55526a6d4f35516d58354e64747178744961306e765953674f783634714973637150656e62336b447a2f6973476e49506f30626e4931704d626755564e5a5a6c48536c525959637671464f6a415a4b776e6e57584168536d315368416344363134685157315651383678424a4752506d56346478684863584d6e7a6f4c62695042694938744854575a654b68646d59664f4a356646724941594438725975714b69634a553750556b39306c74494f39574f6d7653555a777678535166647956473766644d51466f68474d6f4743737872536d537476644d744d47536f736e4e61746d4d6177413548677064396b714b56474f50642f542f6974767574426954575875445445455239556f6a6c4b4151715a4833444438716c4f4b796b435645474b79332b56484f724254465a4b4a5756307855706975552b63714a69737651527052784761486446714947636a366a5171785653705a474d45714c5a37673774497358414f784c73313934636b697043704a476a446c63745a452b7a4a2b56542f414d6932674f2b59727770556c525544647a77657448694478456f6e5a414b4978466f4b7a576c4e3848664e4533427a353145613052545775586c4b4f434a6c2b5651465a665257676468726c4754534f484946646d73756a4743705154594271647a594a422b744d514e4f586b575652567473786d564b64786461486f55426a527158315773774852486e73554f3448784465744971795067554b6f2f4a4e36594778476d656455615a48445249447448674b695a4d7246724164303247675a4d65457a57464d6a2b57496b7a6350705539417a374f6f6b554a4c51754a7979487035556b397974554d4a517356354b794c456f49713734714970736856736d7a6743744d7a65674368524a6e3831444d706944777236555267684d72684553746153776a35464934495356726c63784b5861574638696a594a34374561495430444b57546b346f69737a54484e4432563830725773564d384163564c6c6b614873556f7575476c344979336f374d554f784a61786b522b62517777484252504b75437449787734725443516d39617a7647565a58366a51744f583745347247522f4b55646d70496b643552374a6e4a336f685056412f3035626835554b4a7179646c72586265436b6d623170584c736367563269616871414f6259342b64484a6149354b696a6b506c745552777879657256714368434a39616735416970365a7131486741646b4b35426c686f544c38686137694e537a6879486d47616c366f555256615a71686c4b6e504959587570536769482f7a2f77444663784947485a56336c54442f4147486f46446d4d4355357661426e3971366d5a6956715542377156654d6d754748766c616c62466c4f51655962566c794a494b79414f45357052544355684a77317a57524b2f465255534f425665394442786c57734c2b5559646d492b74532b39784b44392b484a2f6459677864555a727747316539396d3778544f50415570734b6c615232464b5938374a7a556851334b55325854556174766f304737712f57744a373161313551654672454e744931464d6d666763564843716d4f414b6e4f574158304f615643554b325349344f3774555a72474771354c79694b6653757075413659326f65632f364b74675055546c4d37785452462f5465724e6d476d316268434c774741706c796b492b6c615644414777445567597141397870494a50354955796a5364736c456f4c6a4254435366597a77524d76464543596f76425758564a5672577a56514931354a53666c43704f45786a77702f56453746324b786b78784b4d7a7934336f48374d3759575257674357526178426b52315238336169654345556833636256624e31696e6e5676634769596969506361374d6f2b584e514d6f6731424d3634766f31687959413556704d7579556b4e713264616b546445705833597956344952562b6c6454776b625138452b66304b516333357a3949474b73487654736135764869535836564d6870745269593541326630715359497130515456736c423779455137725348477339426c56784268433538644f4b6c46784f556f623134793655644e4d523736616c444949646c726b4d55697257476a4b6d443071554545787134724173355250673570366d327774525a7a344137745373584a7859794e4c6879666c4c48456644487a6a3261455a51515a474a5258496c596c396d416c775049307942415571595a594d782b6c456a566c51334b6e677838784b36576154656d74443534727034437a36653149355a51717a625268434552377364366a452f34457147374f7a4631643246644e4c4f7177412b71565a414957515875756633714b34626b3038687748365630353730387a78777a6b7057445261434a7837744d423551715679417a55692f49723374686b2b7278575453345a484f6771356f524e4166696c55486d655135427756626734417258444a386a4e526d715444506231706c75365a52714965516247755046497245452f36577073745134446e504e5a564e78724a5876566f524b626b46566c4c6858656c6649616a626e6869435935336174395230634f7636586d4469384835543467584e6246507842556f545a4a68504c687a334b393667634c5177446d73475632663372597a764b74613464447870724f4d4165715972534c6b4d304d4e3342356a5768644141396b78544e643566426a55653643646b7145736b5a35505571616f73512b744b684a3348736c524647446e6c5632714d4241775333517143474e49767055357369454e61636f37664e6f35757354306a55593751416a5562516c596d346e7237564e4a4f5941647374523341524f552f7167796d4a6567346f6d67786c6b6547583756433542435737325446644f387a497375466a2f4146513231456b477a4b4d713132395059346f6c42326f4c7a4846434f544b567568537353513461656e6752746847556f38312f6d394a65364f61796a647473666e5461757a74763458386e5774634e70524d656445494d4645544d66527243566c3537566d474770616f3644636149496665567259595941714531535447527a70586569426e785a44366d3961392f47772f41715a6b3178664c42696c356e4658744b4b5665686862524f447a6f6b74576f714246614757647143675559685774714c797176417452687347694c324e71304b4476485a56715345693552494a4d7143534d7a306c32632b6454303662544a44735371376c7778462f774278576b385363314a646f47476f77637776782b4531372f47726b4d534a52586847352f6561745a4a5368616b2b6b79704575557967454b4a6a4a794c32544645316a576d3571714b4f55476f743542795a72586145354b6c414c6f6a467074337a54525939726454624f53622b5434712f3156794e6d434c3271634a4e7559776e48374e62354253455546477041535953304e4570475a61414f4d316f464d42364e52444375654e4c527775447446616846566d5579794538445169526e684f616c467979514b6935526b504c7061306d586d68334b467155465757377946485a63522f576b5443595843484e614d686765417a552b53636c34503772493639796f4d734671552f4b4a54626c6c495730374271616263644854394e627938796d3561396f64527a4c5166705855624a4e553943707173354c4b7268744649656162564f62464d6964316f544d6d76496130334646456f5a5a6467706e632b644e77584751617830556f416247314d4c77745a3973584565512f4b4966356b6f54776b6f4b664570677070566157676c4c4c68654b4c49654a4e547a43745a7353596d4d49754b59456e59374f6d503841644f356c77636f3450705242776273754263306f733255577548555a4454354e6144547976646f5849673874485a7a52326155536c4d6955465a455643705156795650556f7550397462354e314b5754675171374e51465772306a45356f506256566d4437382f6b4e645042534f674b67376a476f4a52514e5966354b5645654b376b776330547473327445705250673077756c57374a6a67617458344a5462366d516959616a65397239524b4b735357507968733952626d4c7331346b434d734a413265396147574b7a65714e6d356c6e64446c49314744694536743344453967346b626c516d5a684f4b4e52744b4b3571435a6846696e4b537a2b395257734f5953314649726c6a536354706e33454b31715a543749705135695a5768377252524c396d6f4737554c49786a753165764f575344774664354e5161345277566468764761564a4d544b45797632487978574c654874576244336159585a656855726a70425533414f31493457694e775863714854644a63366d4875356a396131795a65663552706b4e5275644a6275477732784b786352344b2f387763432f517154595a683977353156634677706d7079584b766f745465454770706c6d4649717a4b423375784b52775859794473537855786159756c557067556346653967706b4e497632657632535854446d6d613452664e70684a4679445531643070514d304e6b6d714c563558527348647136714956496b4454446b56704d4233714d444d305051724e7555564d4e5976386762316e323159676a67647738712f7866615855573443526a63634435564a42616d657a6f573338714f70396e51467a4b417861532f634873314575736b4a7637657466365359794e524c696c465174434f38717554347847707a484d6c7142756f66576f4f6346544e3479634654483376314b4863614b5a307a4f4671345a574e5368535545464b37523465576f686847726370616a6365517270356d5161757a6b73597041377054434552525049615a386b536f42686a5541524b417a7a57673752564b3152597461784f634652626b69705766614d4a764d52692b70554f744c642b3348336d415455376c4a67537448575772496741763555322b71304b6b5a6c61756f6b7956435334576c677a5773576e436d53743172514a6d734b7452754f4a5354306f6a6269774d4256792f6e51635663736d71656b6f674b3149564b794a53793572574752616e6f574d5651347a582b6972454a397770684e4170464b574b665956776f4a556f376b596832557059724b6144567132716279725535616967686d67506433587a7233526b47614d36705a493146486b684a7944576d4375556f767931484d397050715a33704f6f684d397a4d637464503176525146585952715051516b454453484c582b58375976542f4b6b367932426c614a39544e6e7754577332666677466534445774514b5634552b784f4257726d6a475647727348334c67445679526d617950743047536c61426a517746725a516c367130507642574756494b6d58374d556e445567374e584a564b526c55436950414c524247584a32576e5171634e61726150666747744d4d4b31694758753052684958304d6d61334634693731346c7a58446b4d2f46383659657a466543534e654e374e6e6b516963304e2b5479722b56662f414c6a59586a5755322b7375776d49467a63666a51456a675865684b346146583741585656755168554d7131454d48324d6e6372415a4b7769566f54465845304b70363174706b63304c4a43734f716746446b6f655147746b4b516f4b3279497452494f71744445674a53704f534739526e4232574d71773656772b595554336850486d425441632b393674435a696d4579754b5a5275473045574b4a782f78556261796b4b364d633749354b626673794b6f536e4a564b4f70364c71497745417068316c794432667972772b717453374569694e7a702b7267594f6f692f4e4b5a7963717257516f526577304d636f6c434b6c4c7653556b615177357731775972416659465a596854416a384443744b714d51715274527077316a67795553464f616c4259796f3071694c535139537073584f49313734626763794b594b75343059314b466144334d4164366b5379717848445135544e4b426e56707062636b78464f316162624d57515043373731436469494375716f6454374a7468746473374d665031722f414234534a6e33696a2f327831416470666c582b724830614c6e734c704a475063634138756539654665484f42644a362b744a3735336f7849394e3346614961687931793435725a437450456374624930794b303447754b4374523836496b6334643971473146646c70595a716335534a696554584f3277346f325245437451344d4e444c4c793146774d423769557754454d6a354e5a575043564950754a3843726a48454e6b715767524d6e594b55796f42356c5a69493458596c57497131376d58695830724d5567786374414d63343037557469594179694e42624c4b48434e572f435a5a4e6a4e6550317436377a716d2f6c575a6858692f2f414b627451484b534b5a33594a735244425751354d6c6562386131474768456a6843684849435531736c4e595066614e4f774f4b2f43566f75526a58696f636730596a48634b6e4646464430724a4a6c464661494b6f6c6148436d4b797378565072555a597a4646706b6278417147345646524d436c5230734a686a6755713161687373507770555579475446446a4659696a7962414e61753455443875314d7a424e4b4c74724d55574a584d706436624e786b4f4b7a307a5a67356d2f6c6350387532542b36797774467632514d4f51796877316f5434316978484c465133394b786a30614a5955714a6e4451754873554c536f41557543757a527a774e65486c4b626972786d735778666e557845535a776734705961544d6a734c53516b6f307346675954697239386b7774797847726e5458327a64474d696959464530694d6b476f397676473456486464555a384d61375158344c557267616c5875646d6b776336657857567a754849314751754b53546b7257357a6974426b776e456b64796f7a6d573951474e4a494f48745243346873616337486e327164735744684b6c63565838727769636c52363332533930746f6e726872456b615a322f444e31347253344b794b566b5749564a514e307079706b536c647368585977445136526f32444e4f35486d56614f6c7454764471634e523068524363627348496c6178444150317a553059714a5373685453383148776749356f366d3039546141763269707878476275556d415166316f59346e67394172553675474a706f4e32504a796c545643615a4d4252624f485632517275425471546c4e79736753566f69704f705733554f6f725271662b78722f77413366694153316f687730594b5079783664624d6b597934722f414d786349376a4a77316f574f3376476d734c484e534d6f484e4257486d745066374135336f665138306f4f484b562f6b2b305364307a43472f7861496149782b4e5a6a7534785243474655586c6356434178475148596c55686b4b68586953327970516871713269474d4e662b61756b496d43577956637476764355515134395369654d71745a2b36685352704e772f70727a7745754831723948765744494653466b706e4e46316a42307864797552326b6858644557764a2f4c6b63353361304a3363317241527a2f337653426a76396d3577306a574a6947576e6b7255686b616b795467616a5a575575566f6b35465270747952647158615046534655484e5a78484e61485a50566174324c4f756477695558525954576d2b796c4c6d564634332b39567a703559513947726b6b4747514b31627951615347456947655670467853785279304c4b6b35444a2b3145444f344c51537a442f746f6e6b6d34593778614278794e59457743656c4b2f6c7a4f35707a454f38704f7855474d5348423365577457524d5a35613075427249376f564b4a547931673256487355634c577379307768716855344875684971433475616f50366c45345a6a4d5430715559307956796c5737475344346c7a36566476334e643261687764697033726847497055437a434c75316a415a427278594a786871566d6f2f64646c374c57593568494f7a4767515a55545839796946786a6a412f527078756b674b77615373536b5a646967467746624a6b724d6656372f6c3777555150642b39556b4f636c634f507364737450445742445a707550594374427451323541496c546a4f557263736e6570764e546735684a692b5a5856773475723853756f764354754f4873566c6f6d59544c55526777696168785549514a71736a6831646969514a7956705651633162754b7075556664774e493568707748445732474e424c4c734e5a67646763693169336a416e634b31715333576d3253355868394b474c767962487a70476b453550792f774232744c53464c686b69563133575147466f6844744b3636633137527347765154502b6871634a735a434a32617a73566879305169355369626f4f4f4665615a736f524e6f3168774771644d4e6e5a4b61376e4f4b53417552616c43384b787978326e2f644d484b49796a6d4f443531716b4373556557726b4d6c785a524e6e545572594b7372633934794f47764557555449396b706e4175526e63495135434f3866374b31344735726d385964714e444556436c6c7063596a7549314b63473234593869314f437961784a5867725549384f346c5963484a396d58387779316f526e492b42554f7066383371594767635148756c57726c67495246646b617843554a626b57756d3679435862554a4658624b7652724d7a3978352b5455756d66446e466863694b785446457a4558697463496e2f61307a4a78496861746d7165585a61527a42496e6d66785243304c465a4f39596341464a634e4747576138537a47556665354d6e6d55546c61592b6f672b74584f6d7458417a4f456777706b527a78577354444c504b314667776e444a463550567164736c5a52384357584b655866384168712f30386c666567636d666e2f7956344d323543534c2f415066482b3668657a4f31784c4368326658797135717a5047724f4a48432f477565535062504a364e4f694b4f546345715446444b5a7257754e7772536f4b6642706d6b6e635150734f33356947484b2f7742314333374e3665336e69425676703748694c32324b5a4774356c57325a49464578727050614e76485557526b6354346b664f7574396c4d3532696655644d35424f5931496e43457078696e6d38723556466a4341346a2f58647144634763744d50764d6b6f63764130476763417979317275594e316144706f543043526e715135504f6f516b4d484d4c6d5a523963667a52636b536e6d4d4a4243353664695654364b354f3366314b4f71457a6d7256782f7742574d5841476f794436376630315a6247694b6d6c3157706168636438507948466635466e4a393934552b6b76547556657477626d6f493873523153506c557263675a6b4e575266543170415755672f33446b50536e774e524e6b6e64706937537153754a3465527155686b717937725746444355337273494864722f48764e73356a2b5a5a69564b66546c6f6e693744376f764d616e4f31616864634a756d616947426f6e4c6c32706e7a51314679426b6174336c36766f6a77722b3668784f7233536457576571745374796a774e654a69456e53536b444a375a5678554c6d30426a4165563363562f713649483365562f6567367545516352645374446358674f346566616f7a6763444444474962555762734a5179774d6b77376a3272565a5939524478644f434d7534563039774745794567774c78586845794d69555a4f5a42754e5a5269704934657a364e4e31517a616e7a4248475879714d35617051597375474f324770322b4d6f637274555732354a7335634b6d476d4269516e6c5855395a50543039693765586b6846613973574c54646e374e367367647930316c79316d3572636752354b6b64587165574a2b5a4653747a4a515552794e544c6d4a71546f6e446d746338725142696c4e364b696a585239665a6c43375a4a6a58552b794c6a657472633655666e476946794442344e526d6f4c726775715652696b68547a436b637142554962437978324b6d35434664544d644b52713763637a6e4a706a33616d49697461306c685572435a797775556d51513743504256347449545333506d4b3756503272644c312f4d4f6d2b733636626f72426273325951746e424178567545465543756a366d3150326a307349572b7174627a4f435a576763347a45306763562f6d657a6e71625174327a7a453778394b597150356b6a6a696b7769695532744f755746346b56715231434e517542524b6b342b7a5a71485557306e455271375a5a39563041707932717652557849537237734c563662372b55706f457847677a70724659726d6d416770556e5a564d3545724556714858587937654e467477684c686168596752694142586877634e4e694e64546536656474514a7859676e6e555345514151776c595a4438614f7331395a30515176686d634f30366e5a6d776e43554a484a49772f6d46337162706273776c4f627746645a7a637842713930317a544d6652724b4c567a703561726374764a34614a34435745354b4a327a44524b484e48543142326d6f7972454d736a69693942476f5832585532494265376e616452684a684f44436358456f705547434a366946526d594930624666694f4d34583172584263424c65734f6c784b50494a544239486361474f55514b306a2b49612f7965706a434f384f5a4e4675795777725262374c57694437314e792f4a56534f7858694b764e62674b306c7973734e38457264644c375a7474304331314962544b363332546538507172544850456a68716665457679323531765657756e74475a334a6153756c396e324d57776e504876336d72633773704b70776570586a69456470566636526c4b417a674e64716c5a7545344c47525265746b464334636c4544433039576169574873564b314c52704a3365424f576b6b45356b3565527852634d6e46526d4930646262622f54424471512b552f5271393039326475634745345377786553726d6875624d616b32795279496731696263356a4a33477443534d413552386e656f587247594953335539542b79695a696555586650662f6d694b684d52325265616e426c42794d576e47704e3555517443307869725476474e4c664c5a38617772387770526372576d34566b74716d534b55315936323032656f745275516559794b75644642367a6f377a4f784465646d664956597662326b6a63786c38716e5a6b776e48442b567366615464353051577645366145492f6466656d6e663072574337504b31466878554a6959714d316e4153666d5665734b54696f6479726e54586f3372626955616a31566b6e42776e4a35564b427057724e794a6f35667255494a6a68634b504e59414e6770314938503057695a69534c5237534871756c67485677506c4d386d7068653657384d4c686e6152686a4937566c68626d7048465955634362344b6863734b59434d736e6f4e59474c384572655433614552616c4f3743303767375a6f68626946454946434a51577058613854714a54436a4a477630724534316767505970794b3755695557665964364834373375464d4d36564a52722f41434a786a4f4a504f78714b36635a494f544f59726e466450594a61756e6969594546726f70374e75526a6e426970575a476e4d3450435664544a626e2b5451364c32724275502b6c63473350344e57344d3755484d52327059506472575934427254466556727842576a63616c616b6f5663364f37726838783461733956416e446b356a334b5641325049614a707151447355514e73536f64777144434f74777279754b6a4f494471476f653052367a6f77683167664b37364e5862544f33666a4b4636334c44723233396159734a4f4a615a5a2b4f65315a6e4a4e7958412b564f745773776b673677374e4371634e5376645635364b6e43416e314b35476f467768504d564d693066347946795048474b494d6765464b7847677857474e6152787a6973717461584b3039583178597462327248316b383170526138504c725135427155516263736b716c706a6f54427341564b484d415a2b5a744b6f573954346d686168414e463251757a4c4e5762677372635831347a536b70574d756e6651383470696f694a2b5354745349584a4b6e4330585153574d3054746b7179684c6833576d624644454f4431714e79356b426a486d6f7a564f5770775a495953727653586963466a4f4e523669336e695a744b4e4b695554444e524a5a393444307a526b5949484b7371644979535162366d5037564a516c6b48675772487469797a686933314a78507a394a46645a374a367135306e5657324534396e68504d394b6c74554f455a59376a5548595743493561305a4647526b66336f6265767a616441597253562f6b394f776934757733672b7448553270576275524f664f4c5462366d3546525979516137745a663572586367506472546c48684b52774e48733732624f5a6a7858336266787155704b722f645a6c774a32715559444c474a476131785655487548465737496c7671475a4c7352785446306a626b68797870566c4742483044464f6e426b69383176714b684a5a6d7964714c304d7a746138637a4f61366458524f63616c786275526d31666747305639477239737a4b334950794739596d5163796a554a394d4c4b704d2f49615a33566c67496d536f6c6c55797a3543734d7047343054465435744d465171393056346e4259796a567671345a4852636a7a43744b68585a562f756f516867597279786a444e636b70356b39676f62775a6a6b4b474c6e4c58512b334f6b38432b44506d4632484e7472712f59765574692f615a7733595468784d394b7730524a493448736c4e794674356c6a436c654630384968324b4373785546617557306b636350715557354856322b2b31772f6d7645757975504d767377566935716543746f6a51444a2b4f5873562f375136785962573462516f5a56356c54366934514749634b314b5a4b4d4a4f6d4a324b6a4732456d554a35787678394b754d6b6d674843484e595163672b5a537351674164694f4b594b615774566e45725a6c3870357a55724a6d494278765264337545694e51675a687064577a466479746339694d524d756d5658416d6b795544644637656c644a4b4c3470377a2b72526446366559502b32626e394b3671324b32736e6d4e5367346b492f774471373133634d486d316268744a5a5372524256496e2b304b6245764279684c65506f3159766b53653077776a56755a705a416256727573684634517079724d526f76626e79556f6d4a7955697047722f732f714337446d4e51367147597150654c57345a6f494735524178443571344b7554424c694476694a6a4e476b7a492b712f57736771746450375536536654645444564234546d4c356e7258552b77377a6b627654542f3841347233384e614a687a486c4831714636354341496a7776616e776f42324b78514f46714b73674a5265592f7a5867346962786b31785435346137436f66577449465a6e6d6e70756e656c737a7864756e76506c476c556b372b51566c4d47576c456369564f3346597a59737471304f4761744572686c31425578474f5475664b70546b7951585044556c426b6c52783736754e7771616847544154484665396955347a676e48393141695267497275423271647859694f58686c69744e794676526869346b435037564359773855453269736676564667786c4733747a4971797a4355534f6e7971334d4a77684f484a6c6c5351784e4c396f2f55714d6e4e6d524658476954585577346872504f4739546839364d6a346e2f7070334f4435745762546d356d623656444c6f47705356436c6d6b78784867704972477647534d3878757834664f70514d4d36686454556b6550576f69626d4d38745168777373314734504a58696a524d566a58553944314c4f304c57454c704b443345724b42524d4567595078534b6759463159356b6d785558336f6d56346d7543726e41784137764e526d6f37683372706661585333656d366d3254733344444775733967587648467639444e39792f2f4141305436764c78477638415444466167774a52486370674d6b617a314559566d6949316c7a35566d526972665139484f2f63636b65787a4a7135314e2b563265383575576e4b6c483331324e716a4a79714239615a506f4f785767777846377051535a774158307a57715379774435564b5743444a3871306176456a716359435455694f45376249564f637347704b30434756787654694f637069707a4e30772f684b30686c792f4844516d647737415570673150484a6972524b4d7073746a456f784e32726370614c4d357358764f4e4b675946356c4a5373762b7062684350384175713141457553686e796f754d69654a4844714b744d4a516e43476e6b644a6d7569754c69325a506a47756c7547303551663841304679357741657452786d63354b3861537245484f686c35616d706b634d454b6842392b664663676d44797158424f6e51795a504f316177444555724d69726c6a704c665657387a74494d7835682f785847454237465a3934774a33706558443351344b7a63322f5261316a6d6f533253726378474131474334674e57594f5779512b4731454568434758344c5262544b7a6b6348503071646d55573763384f4c784847576f6454444d426e4a356e4e715244734a73796c54414355736f5659363370376e543952626863733359365a776d5a4a46644e374976547564494d2b6d56664f554b365a4168474e5368484d4b6c616d6a554332354d44576e326f78687448546d6b3932507a6f6d3659566777566f697254316433524266416734505638363755467445466678566b725448527242356149475351766c55352f67556a7768536665557a55634e7376507a6a56693273704c4f536347314f3646526e7975597451495a31345874696f7365324a6477714d51474b314b344351794257673343416269564273694f4537745a4e4a497737436e4e444b4d6e53434f527178444d4973575255356b6f3634705557346b315543724970615a6c72694c644f6630714d5a4f7233764b70796c4d306e6f7055726751384f4245346c4f7263626d4451342f48446a2f77423675785632353277564330376b7079714d4d756e4d6a59716335615530745167345859353371776a3934536f456c6a773061545279386d4f4b594b62422b39616c4e674d74515353636c4d636856727066593970526e63593449663336556c2b586a516a434d6e49774e6a3072494a4965355467446457733344503063554345637a5a646834714d676947456f4d72684b4747514b4537554a6873716572745675436f365350345953793075396d7753665579316567737232644a7848674b57336c59766c5757535a466f71494175477379622f52534c643035742f676e2f545632646e4636476c345261317941694f394d62537554487a6f2f774461313035514d5672554b41306e3265445a62454631794d4b50616769354b314b744a42414d504f61555a48774b6c4163345770545651557155495a6476534e4d334c73486e524169674e6149354e4c3642575252785363622f41424b46327868377451684e4466427950317257724e5a4654566a465665567259484b524f5770396a4d58596f69784a7730415a436f4f434f6f446e6172553451596176465647576473664374536e4b62726e6d6f475a6374516c67637a77634d735645754978676164324b31776f51503372576f41316f7565484131334436662b3775584f44423574525a684e552f5372634d3659676c454245797454696d537054465a6755514e584e52553466514b484a697057484152583063314e584a38717935514b7779486e4e4a54637651746a686d6b616a43426168454e4a67576c4755597565395875676c684755486d503956433845726336385343797770545a524d4363314667544e2f526f6d444b72557261694f6d6f793577687774454772557953776a6c2b583755786867397a4c3535714d4a377a314a3630747a484d4875305465353243744f31634c754a54707048575a4a55546758595647374677704935426f742b3272346f3866624470724c4b535a346a55723032636c79745a6144614e4d31536f6743344b686a5933613134525774686c576b474e504938624b4e613345707238436a6c596f3162426e636d2f434a555953596c354b6a4f36734a5a3964504e65484357513155524977644976592f6d7238352b394e6d63476b324b7477675735584565514e36794d636b6a34373147594d3142375662676a447435564f5a70454f5454566b67726351446b4e31717a4149776a4c4f4f58752b5654747559686c383063564f653843554d6f4946492b48616d4e31324650752b745236614f6f6c726d3872762f376d376337594b74327848444a3455725235526f5849767861317851614177334e364f53556b504d6f42644e415952783361427a6a42517933314a51696e4652427a714b3772533347534e4c68793048583256514356526e414861565a675a5266526f6e78477571364b3734746b524b627a684e444861524b69516b4d4e537479314842577349772b61305141314f314d7a6676544c6e4b655a7956325a7036357258784b4b4870574664684f77564d6d5946676d386d7053426b735a44736e596f5a6637562f6371547677484e647335724a6770684c446a544c5a79314d754d34664d4b7837626d687a435032467132796d34437058376a776857715457724c32724c525a4d504e596747524f576961675a653145334255496a4c647855564d5734344e6b446d6f4b6a46476f6263346555616a43475a51474849727a5446507778394b6e4e4a503370634458456e33782b51557952346956426c6b684a6848646b464e6b64416b5876554c317a4d6f624273526c78526850435355754a4e5846784b4e73686e4e52675a6a4956584d654b3850467a575a58614d4b7654434f534a4861494862343161746d784c572f69653738366e4e6c4b56765a4e3547324b6a30396c53366b7a694935584e4a5a317a314d704f57545533524b635644614f48482f6956775664754f35704b6862424b695a434a6b71654541436763717130673077424158756c5a633546703878705437314d6c4b545a46724f3735566a6a49305356613075543746634b4156706378794a524f455237314763474763723878714578557133654d6f4a566d43336f435471395950446254616764307a5244676b353836316834696263456148734a5442636b6b39617a4961795a574c4b6d3079437256324f575359333251714c6b56636c4549756e495577696a6c5a635672393451616b62546e67586174394d732f467044656f706b524433576b397454664f45616a6267796d6d4370585644614e653667665a696f6a6d65315148595143745457654257694257724c4f504a55554d554d464e57664d4b2f783974424a3556724677375a4f7a6d6c644d5652707477637953636e4235305267677036425534785a43524a636d61686269784a4b636a2f56576268704e5372353874614c62715351384162314b44684a6175544c74577553734d4d6e694c6d694367724e3563556a37786770746a7069436279504b6d65535a773149696a49495558727065494d5742674f544a33725848564e6b6943524f5671347676704345655a7a636670352f2b4764397a4c33593161734c456769643662653061334761685177555931494e4a77384b307a78466a514f6b795371496f6c426b4c616a7774456a476f692b72514b457334715171557a3334616d7730754561517a7056715159417855744f55543172455679714e4446774f61304e5837485446366475555953336a4a72592b474138714a51586c4f39416730544e7178444a4768754b736872524a64546b7055374255376b647672576857553835714c7a4c44354e545a594d51546656697445383657726378484232576f796779456b4a35317239324f34384d616a4361353434457162734b51614c656d432b674e4578437445674559793539476f66356e692b6472396c71563359326a396d6142516f545730517742544e516159556b50644b6d4b6c4d6a665657746556395774454d676e705445535553555a563030345a43345448694a5354527845444946594a796d677641633059555a4b59344f616b5734577942443037745330534a3933416c546e65497767335837324f654b75516b36594d566578556754534f4e74533848776f5a46746b70482f622f4645584d4d436e7a6a576731444a65535661376a4a74786e2f38414d564267736f47557845445972555236614d49786c6e6551634645596e2b313269442b396542486254454f526a754e59564455382f624f3434674c556253737a584d6f4a59476c797a7a496f526451592b7452543355614f7966464b516375394f50766f464935525467576d59426b48756c4e764443544a6670577263444c534f633461464e53505a7a575678772f537078376946584a67504251474974594d50474b3252777277317a56767275736e65764762466e646938536c324b68637359696b6f39774f4b656e3668737a325468652b4b4c746e41686d764376444c4b566262516c51594e51756a4d354f4a46546879714e4d5653704d6a4e456f646e42557542666b55504b6f62756b7966576f75376e344a765574574255584e4d424765512f5271557454424269627563566c5a4539616566464b5a4269783561415530796a745442584f612f483372376b544367307257576f6d51334b77467959734232453570595033616c505a616441346f423545394b5a4c6a6c6f4351345a565050476d7441677573354b69783073426c794b744936754879436b4555694e61426e7331346b444554504376616a4a47414d6a335271634d536c4f45505235715a6c596b43584c356c584253557a4e7779424c632f5368416b4f6c657a55726b5a4a4130686c54306f335465506d7459637855445a55344b3134684355416a77442b396430583447663171597479626b787848626969354c782b6f563163476e6b71467144416847456f383671626b6e52557077307374577273483254762b3978444f467148547777464b4a4231445748446b47686c6a4d6b6f747879596436527743744d6c58445632346959414b6d3773736c535443374e494d497a615a4f524756614842576947474756714a356c59692b386c43474571456c4277486572635949356b302b56536c444c62506a556d65457730572b696e41326c4f34356c546573366d564e79444b416b6a63722f48537864474e364c763841436f7a6b626d4a4650544b4b4d4b6a4a456c5775475a34582f634659556a76364e452b452b644d4e39516c4f7972672b7445334d77564d414e536267536a377278454b786c3153446a6a397158595137616331703569532b4d6469674637486d6330794e5168704d6f667857464455656c53584b4761594f424170584f636a4b684c4c57373967475a554d5179344f7a5756775554617773544b656c51676278506a3370626d414e505a4374316e6f4468456f494d49444563446c726b496f31705975555772554a5a6b654b6d794e596c417451496b65586d6d63794d444d6b70684147584c57694151416656344b626a6c535878615564647767464a6d4d4e476159777936574b3168397a344c563663736b535974516862597a777038364c6b73734d4130324c54434d43624d2f374b366a7162685a5159686d536259504b72646d3253596b3538783773516f75736a477154676a68324b775a6d6774573451456b4477675539517278413561695753496b535046637538314e6c7155635a54486569594f484c5353795277307a4e4955514d535368564a4e54344272564441564b474f42653555777a795633456857566b66576d746761414174526c55584447334c4a7a554d4c4455556d5571526e4b4658496a4655476d55614c56346a79503061454256412b74516b4b6731614c6e2b51474c68394370323072786f56495245785735577363496c49626848305769636664335769334a474b76594f395a686b69684b7663523134352b396a36306366512f696b496a694130584c5749455a514b6e4363564d2b6737465352644b675045753941616b6c516f72753844575475794b316f47565072513262445331494e6368785178556131635a5773696f69566f4d79796e596962745777325a56456a674237726973755344434b566d446b3434566f6939734e57534759516b6f5a6b316252644d765243676c6c6772487a34715472684c496f4f496e617352696e423655356b754768334978414b7a7844337175416a7579394f6143517a71304448572b36625259754a56717434686151565754557447465951787372792b6c595537766365613163714c2b4a4b4c4e6a7a6a55656d734e3236726375622b5654765349516c6b3742546e62643836596157637848614c55426d61566b4f7a32714d494544376a734e614a61596f655330774545476a446d53794b6b387a393034476b4d4370534f5246724754546e31715337446771636c34796574534e3150514b6c62636b716c646b4531785276456f306d564a2b5255575034714a637943675a4250507766733761577372556f627755615a4b74625956616263717a4331556f4d54676c524f316957544e43754b626173716a4945337a54486b706769594b68634b7773564e747974626a62315356525656552b746270417752377a7149706f4d746636615a6a45344d792f617069453571646f6c4c425a5146346c6864714130454a4565413163314d484c676c555a447179502f41487857734552576b7562374763745a36477a6338703461304b726b705934566673314f2b6b4b594377774a585941543851314f5a695754465777416d494645444b355473745264397839486d686772554179636c6130554534416355526978525850495574744a4769486f6f74576f52434d506d74595844484c3546455a4a43414166694b594c7255546a54755a6f6358444a6e7a2f6973356b7170576d4a4b487957704361384c3546625448534163465475797934616c4e426c7874684f43693565526332725061547939715a6a58694c4f62697341526563676a57584a674132576d526c69676371306f39677159456a37765a616742716e686135496a5343495a4b47446c4e365a6245797347386a4a57546562584c756556504e5033736c453343355373446b64714679434645482b4b525554425557483834706e735567356b6c646a432b644a5150414255755261524672773735444c706c555a7767434f32616c62644f614c3841643856425542426f444d576c456c67482f7171524a6b5a43703235446b5376474d512f514d5649564967657069687a41634c2b464b524e62454f7930536a6743557630477054796f4b666966347251724b55704a5774307a574a794252445949664f57554b6c636b78475558685177564b32626b666b316c7a333954446d74526b77544b7a30462b7934414e566477467061496d63366e76454b77597743564e4b575974547a7a6a565447473877664961374c53416963314e79365250705635585343464975732f7169634e347951714f514548487856726663567153694f41706d413556714d513038386276465846784b7465434d737a6167515366333032466f67724f4f6f4b7a4a78537178336b553234546a44392b616a30316c31694d2f6579636c51366d2b476c6841714559424541383269664f444739535a5a514465744975556c6d733939364f465a72336154663361474931355342725373754d316a695247684656537263646c7149754e7738326737415635474271514b384832475663465a46506d4e584d4c434f4135616e4f4b41707931724d7869525431727a772f596156574b30426c63506b464c6b314e45484571626369556552714e3770624e796d364f4e772f5770395065307452756d594f5770436970476c6a792f4d72554353476a6d4b36716e5a6c33536f33376171447744476d41386b58596966765162755431576c672b3745692f7255307846466658745245557750304b2f337a5a5364676a5673677147723066356f4e794b7939477050414d6a6e765549617256315535692f3841506e55676c6f6b6f623172364b3634525975796a556c6f67727179314f57307055716a51517a716b4e4749345a4c537644527769316232545570574947596f4a73687a567a555a7163636a766e7352726b594f70374a7855534769637336667568554f52566163594e687244747172317765707a575244344c57595a577442694d46654e54544e5875386a554944456349636855726c31774b5577746773596b74385065704f6942694d467142447734475a4c764a706a42667255344f4c7357475449507252434249774c7a2f7741314e514c75575849564c55733872546e45667358494c56734e356d61676350794b4459674b3741316f565946536d4f49784879436f49363878374b465258454d49554a6b4341304756615663435546514f4b427730726a4b6c50336141774257584449456f494f4a2f5a4a45725a46704d4c5175525670746b37432b70555a6d696646526e484d455571355a75654775416f6c434b5956344133705441676e59617842315957696538715277487a616c4231456b447346654d434a424f453272516a4a54464c6c6e69532f3841653159534745653061484b786b6f626937555232646b2b56615441526b6a55555762415633527851535a526d4a485a534b5642737474376349566c7a4c416c4958495046794f515879373057355469385a6167695232724b37434e5a453272456b7974413442786a416a524a4d44386d6935393454545545556b4c5759786954554b6c4937725347535571415a796548396145454638784b593741307a4d7a5a594b30773931556670577268557a7743314f544b45544b307864427938715a7037494134514b4c634646636c4c6b484931346b324f554b417769784441687756434c4b356f6a6b32497453766452716d6b713077663055715468494c76675a484e46736262474c4c6d7457384751307368755265647a69694f364d6970584f5263464134562f656f36736c4d56527956334d6a556c7a4a704b6a45574b43386955795144534f346851434e464d4f344653536b324b4b65436c4d466344775552422f6470546556656367504b6e6b576b35724e534b62567775516c3730614f6f675849494c552b4747544e637935714768684d523953725277456b3832684841684c316f4461656834416f6d59526b2b68576a6c422b7454684c2b5772567947706b5a504a2f616b6b79455132466177616c4450367452494d743466752b725370634433517953616e506a43506557315247544b57715a394b594f4363737563424b6d63694d3845757748443875316335356534643678616c4f46776347615a58356e6e4a507366496141796f7051755756594d786b5a646b7251713168634f476b696479686a4c4f506974414c79465a434c674f77554373446173754d49564b61424e5634466f745076697a34524b6a513279494147796a567653736d55513332356f6a4947344c796944524d314f534c4c41316f397735486d6d647a697078746f6f6631574c63694f44764c4c7a546f41444d716a5a684763324b764131797a32657855345257626b6a6a4d5937745762634a476a584e4e6e2b366b6f65364c4b6f774a4d35444e6f344b784376526f684677686e7a4b4f45724a6e4b4666425057687959694e596c6b537447784e536d6541797453354b63706861306d36664375344251643641704172754155617379344b4b51347956396151564b5341496c474530436c5a5634487454416b4751484e616a536350495577336971765a4b30596b355773774e4c684b5650666b766d6c526c794b76646130512b2b594b5a78575746653656684d377466685648674572784630356652324b6e6179456839556f6435596b3142676f3465376d72684445355072494b684353437a55342f74706e4f5246596b71684149354d78714e7664646f375965544e4636317a4834314c702b726d503439796e4b46593532635565686975654e36374a466131624f785270567959703771445575646d686a736c5a465349707a4a2f696c67724c4c514747555a5063476d61454e326d484b73336d4c78486e6d735a576170556e3141774c57495a50657145497575435049725675424e4a4f596d544279306f34493471553550317143365449596f77704a6c6b774d716b3364664f6d676b4c753932734c4b66754138726c6668566b7349577a784a5a465a564f3473534b787146727038795153676c704a4436784b30764e4d6a4f44423969655131737857764d704e7771553871564667755930504b6c4b374b6c597935544e5259504f7170504d566355706d645a4d41474f373971627366744d64312b7a567930446a4f6147744a524471516d344a6d4b305231473558614d33506f307a334749766d316f6c69644f6c6c484f4876556855544a3836372b396b347a76574775586c72544f6f4a797052506c5538713931774a53435954484947396549717778367639564b447049796d4736477856746767797a3353583931496871666369666944337175545038415467546a3554724e7555707a74554c727478414a4f782f487055646d4c6d547a464b6b37414f4b6b475a474270564671343269537742634138314c6830767257595a5550576f5163795761636a7455626b396334625045593041786845686e684b5a7a42513744573654524f37417270693036323654654d5978383669786969464e78593657637653704378596f764f5846534f2f774369746133516b5265345a706d6b4131465356697734325172516158413147335a626d54582f41425353564d744f4177306f4242617876493244377856706c5077346b5442676a4c61487a37314f63776835387451737731546d546c357232706e4e694b683338365a627058446b5775793035386a6a5651634f7176644a414663714b76325a4b3175416f6a78574633416169475656725a4e53464b3659366d68463348674b63634a53553871465a335661614b637554374e75667335527230467032525376386d7a706c392b4f7a544259374b3769745a506569696371316a38594e534e69636739477054544b70585a7a57526c435654676331746c3243684357565770545675494848764f394a684a7233414f437054325941484d754b42516c4c48644930734e596b5473764c387175545452594a6878636d5551526b7337332b77636e797a3371547a4f5235676231726b37323865682b2f6c556f704763524a4f6e342b6c6542316337634e346377586c4b6a46566d5266357243735a45757a3774464a4248533532524e366c7375534a7942554979464e5566566f5442434a4a6f6970376f6e4f6e74555a767656465649706e67387156554a4a53346a4f57496d3663316d594377613071786c49447546456265534179345a4c554747705653735457444b4652596b70684f547447495971345a5a474f7956726b42757445414976487a6f695a5a4a49706e63393534615968706b52543961664459716738734b79636f646772514e79584476484e516d497a6c4a3749344b626e764f3754444945594a2b744477564648464b726e4a515570757544375a524e4273567a6e64647857765773694e41595561574e594d6b694b56334969304b6752685543434b73697330674c69704c6e4b4e6376327146592f774441394e654a6e4844366c5276514a526d75544a5767326c49374b626a387137796c475a3344616f63774b6d515836564d35524b4a772f6d736d45512b5033716a62684c6c58743556706752434b7458486e4366536e546861674f56457a744b57345649776a45445a6b2f774256476537496d2f50363053325a6f7642535a444d63624b306f54475249707651314b4b62413163574d7445636a2b74574f7436575163785169504d58767635563457597a456d4f4a6a557444626a6767392f774361695a58443644547079374653306f496a75314447584f6130377538547972384a57595a676b6b4e7a797136476f795a7151724656346346526336384e42737248666b4b677859785a7944595773686d4f506a533753427035554868636355414d5a5a6e4c4972533564654170627557766572454d47564b5a7a584756727734356d437643466637536d626c344f554b7973493478546347636d49635a5769314669615a3137376378582f2f45414251524151414141414141414141414141414141414141414d442f3267414941514942415438415341662f784141554551454141414141414141414141414141414141414144412f396f41434145444151452f414567482f396b3d, 'a:4:{s:18:\"clientOriginalName\";s:36:\"acb4417b75026ab076be2fa482db2abe.jpg\";s:23:\"ClientOriginalExtension\";s:3:\"jpg\";s:4:\"size\";i:32186;s:8:\"mimeType\";s:10:\"image/jpeg\";}', 2, 0);

--
-- Indici per le tabelle scaricate
--

--
-- Indici per le tabelle `failed_jobs`
--
ALTER TABLE `failed_jobs`
  ADD PRIMARY KEY (`id`),
  ADD UNIQUE KEY `failed_jobs_uuid_unique` (`uuid`);

--
-- Indici per le tabelle `levels`
--
ALTER TABLE `levels`
  ADD PRIMARY KEY (`id`);

--
-- Indici per le tabelle `migrations`
--
ALTER TABLE `migrations`
  ADD PRIMARY KEY (`id`);

--
-- Indici per le tabelle `modules`
--
ALTER TABLE `modules`
  ADD PRIMARY KEY (`id`);

--
-- Indici per le tabelle `modules_levels_access`
--
ALTER TABLE `modules_levels_access`
  ADD PRIMARY KEY (`id`);

--
-- Indici per le tabelle `password_resets`
--
ALTER TABLE `password_resets`
  ADD KEY `password_resets_email_index` (`email`);

--
-- Indici per le tabelle `password_reset_tokens`
--
ALTER TABLE `password_reset_tokens`
  ADD PRIMARY KEY (`email`);

--
-- Indici per le tabelle `personal_access_tokens`
--
ALTER TABLE `personal_access_tokens`
  ADD PRIMARY KEY (`id`),
  ADD UNIQUE KEY `personal_access_tokens_token_unique` (`token`),
  ADD KEY `personal_access_tokens_tokenable_type_tokenable_id_index` (`tokenable_type`,`tokenable_id`);

--
-- Indici per le tabelle `projects`
--
ALTER TABLE `projects`
  ADD PRIMARY KEY (`id`);

--
-- Indici per le tabelle `users`
--
ALTER TABLE `users`
  ADD PRIMARY KEY (`id`),
  ADD UNIQUE KEY `users_email_unique` (`email`);

--
-- AUTO_INCREMENT per le tabelle scaricate
--

--
-- AUTO_INCREMENT per la tabella `failed_jobs`
--
ALTER TABLE `failed_jobs`
  MODIFY `id` bigint(20) UNSIGNED NOT NULL AUTO_INCREMENT;

--
-- AUTO_INCREMENT per la tabella `levels`
--
ALTER TABLE `levels`
  MODIFY `id` bigint(20) UNSIGNED NOT NULL AUTO_INCREMENT, AUTO_INCREMENT=6;

--
-- AUTO_INCREMENT per la tabella `migrations`
--
ALTER TABLE `migrations`
  MODIFY `id` int(10) UNSIGNED NOT NULL AUTO_INCREMENT, AUTO_INCREMENT=13;

--
-- AUTO_INCREMENT per la tabella `modules`
--
ALTER TABLE `modules`
  MODIFY `id` bigint(20) UNSIGNED NOT NULL AUTO_INCREMENT, AUTO_INCREMENT=5;

--
-- AUTO_INCREMENT per la tabella `modules_levels_access`
--
ALTER TABLE `modules_levels_access`
  MODIFY `id` bigint(20) UNSIGNED NOT NULL AUTO_INCREMENT, AUTO_INCREMENT=41;

--
-- AUTO_INCREMENT per la tabella `personal_access_tokens`
--
ALTER TABLE `personal_access_tokens`
  MODIFY `id` bigint(20) UNSIGNED NOT NULL AUTO_INCREMENT;

--
-- AUTO_INCREMENT per la tabella `projects`
--
ALTER TABLE `projects`
  MODIFY `id` bigint(20) UNSIGNED NOT NULL AUTO_INCREMENT, AUTO_INCREMENT=6;

--
-- AUTO_INCREMENT per la tabella `users`
--
ALTER TABLE `users`
  MODIFY `id` bigint(20) UNSIGNED NOT NULL AUTO_INCREMENT, AUTO_INCREMENT=3;
COMMIT;

/*!40101 SET CHARACTER_SET_CLIENT=@OLD_CHARACTER_SET_CLIENT */;
/*!40101 SET CHARACTER_SET_RESULTS=@OLD_CHARACTER_SET_RESULTS */;
/*!40101 SET COLLATION_CONNECTION=@OLD_COLLATION_CONNECTION */;
